"","X","Y"
"1",-81.783837890625,24.5445800781251
"2",-81.809228515625,24.542333984375
"3",-81.81142578125,24.5578125
"4",-81.76767578125,24.576708984375
"5",-81.738671875,24.575439453125
"6",-81.73974609375,24.5544921875
"7",-81.783837890625,24.5445800781251
"8",-81.56669921875,24.59990234375
"9",-81.6314941406249,24.5900390625
"10",-81.579248046875,24.62939453125
"11",-81.5623046875,24.68916015625
"12",-81.5316406249999,24.64248046875
"13",-81.5322265625,24.61416015625
"14",-81.56669921875,24.59990234375
"15",-81.334814453125,24.65048828125
"16",-81.364794921875,24.629931640625
"17",-81.3790527343749,24.6362792968751
"18",-81.3790527343749,24.6662597656251
"19",-81.4216796875,24.7326171875
"20",-81.4200683593749,24.75
"21",-81.322314453125,24.68505859375
"22",-81.3198242187499,24.667626953125
"23",-81.334814453125,24.65048828125
"24",-81.044189453125,24.7167968750001
"25",-81.0899902343749,24.693115234375
"26",-81.137353515625,24.710498046875
"27",-81.08525390625,24.7341796875
"28",-80.93046875,24.75947265625
"29",-80.988916015625,24.727880859375
"30",-81.044189453125,24.7167968750001
"31",-80.82939453125,24.803662109375
"32",-80.84833984375,24.803662109375
"33",-80.8388671875,24.81787109375
"34",-80.7994140625,24.8462890625
"35",-80.785205078125,24.83525390625
"36",-80.786767578125,24.8210449218751
"37",-80.82939453125,24.803662109375
"38",-80.63828125,24.903173828125
"39",-80.66513671875,24.8984375
"40",-80.6256835937499,24.94111328125
"41",-80.614599609375,24.937939453125
"42",-80.63828125,24.903173828125
"43",-80.3818359375,25.14228515625
"44",-80.58056640625,24.954248046875
"45",-80.5585449218749,25.001318359375
"46",-80.4810546874999,25.101953125
"47",-80.456005859375,25.14931640625
"48",-80.403662109375,25.1793457031251
"49",-80.3549316406249,25.233642578125
"50",-80.35126953125,25.29697265625
"51",-80.28046875,25.341259765625
"52",-80.257080078125,25.347607421875
"53",-80.3818359375,25.14228515625
"54",-82.03720703125,26.45361328125
"55",-82.0728515625,26.4275390625
"56",-82.1449707031249,26.4466796875001
"57",-82.184375,26.48095703125
"58",-82.2013671875,26.548046875
"59",-82.13857421875,26.477001953125
"60",-82.116064453125,26.4609375
"61",-82.03720703125,26.45361328125
"62",-82.0837890625,26.55234375
"63",-82.085205078125,26.493603515625
"64",-82.135595703125,26.5919921875
"65",-82.169140625,26.700732421875
"66",-82.121142578125,26.66552734375
"67",-82.0837890625,26.55234375
"68",-97.170703125,26.159375
"69",-97.1845214843749,26.112939453125
"70",-97.267333984375,26.32978515625
"71",-97.4020996093749,26.8205078125
"72",-97.407177734375,27.1001953125
"73",-97.3859863281249,27.196484375
"74",-97.351220703125,26.80146484375
"75",-97.20224609375,26.2998046875001
"76",-97.170703125,26.159375
"77",-97.35361328125,27.300048828125
"78",-97.384814453125,27.242529296875
"79",-97.376220703125,27.328271484375
"80",-97.29501953125,27.5230957031251
"81",-97.1300292968749,27.779150390625
"82",-97.060546875,27.822021484375
"83",-97.25087890625,27.5412109375
"84",-97.35361328125,27.300048828125
"85",-80.186767578125,27.27841796875
"86",-80.1705078125,27.20478515625
"87",-80.262451171875,27.3755859375
"88",-80.37607421875,27.643408203125
"89",-80.4369140624999,27.850537109375
"90",-80.395751953125,27.79453125
"91",-80.355517578125,27.67861328125
"92",-80.186767578125,27.27841796875
"93",-97.01435546875,27.901611328125
"94",-97.03603515625,27.899169921875
"95",-96.987646484375,27.9810546875
"96",-96.978662109375,28.0138671875
"97",-96.89931640625,28.11748046875
"98",-96.857421875,28.13291015625
"99",-96.83974609375,28.088818359375
"100",-96.921337890625,28.016015625
"101",-97.01435546875,27.901611328125
"102",-96.764404296875,28.152587890625
"103",-96.801123046875,28.1484375
"104",-96.7556152343749,28.20244140625
"105",-96.681640625,28.2296875
"106",-96.5193359375,28.333447265625
"107",-96.453125,28.3405761718751
"108",-96.41865234375,28.3763183593751
"109",-96.403564453125,28.381591796875
"110",-96.4133300781249,28.33779296875
"111",-96.543896484375,28.2755859375
"112",-96.764404296875,28.152587890625
"113",-95.039697265625,29.1458984375
"114",-95.0896484375,29.136328125
"115",-94.8716796875,29.2901367187501
"116",-94.8259765624999,29.34130859375
"117",-94.767626953125,29.3390625
"118",-94.86494140625,29.252880859375
"119",-95.039697265625,29.1458984375
"120",-91.793701171875,29.500732421875
"121",-91.8308593749999,29.486474609375
"122",-91.996240234375,29.5730957031251
"123",-92.006640625,29.610302734375
"124",-91.925048828125,29.6439453125
"125",-91.875244140625,29.640966796875
"126",-91.7964843749999,29.59697265625
"127",-91.76767578125,29.584716796875
"128",-91.754296875,29.56689453125
"129",-91.7619140625,29.539013671875
"130",-91.793701171875,29.500732421875
"131",-84.90791015625,29.642626953125
"132",-85.008251953125,29.606640625
"133",-85.116748046875,29.6328125
"134",-85.04931640625,29.63779296875
"135",-85.000537109375,29.627197265625
"136",-84.877001953125,29.678662109375
"137",-84.8122070312499,29.717626953125
"138",-84.737158203125,29.732421875
"139",-84.90791015625,29.642626953125
"140",-88.889306640625,29.71259765625
"141",-88.943603515625,29.6602539062501
"142",-88.94111328125,29.680224609375
"143",-88.9011718749999,29.7326171875
"144",-88.87265625,29.752978515625
"145",-88.889306640625,29.71259765625
"146",-88.82744140625,29.80771484375
"147",-88.8556640625,29.77587890625
"148",-88.827978515625,29.928369140625
"149",-88.86689453125,30.05673828125
"150",-88.82587890625,30.000390625
"151",-88.81259765625,29.933349609375
"152",-88.82744140625,29.80771484375
"153",-89.223974609375,30.08408203125
"154",-89.220458984375,30.03759765625
"155",-89.26943359375,30.0607421875
"156",-89.3419921875,30.062841796875
"157",-89.31005859375,30.0787109375
"158",-89.287646484375,30.094189453125
"159",-89.27646484375,30.11083984375
"160",-89.1846679687499,30.16865234375
"161",-89.210693359375,30.126220703125
"162",-89.223974609375,30.08408203125
"163",-88.5581054687499,30.21591796875
"164",-88.570654296875,30.20478515625
"165",-88.6592285156249,30.2255859375
"166",-88.7130859375,30.244921875
"167",-88.7228515624999,30.2642578125
"168",-88.573974609375,30.2291503906251
"169",-88.5581054687499,30.21591796875
"170",-88.071337890625,30.25234375
"171",-88.159326171875,30.230908203125
"172",-88.28974609375,30.23291015625
"173",-88.316259765625,30.2404296875
"174",-88.263916015625,30.254736328125
"175",-88.109375,30.27373046875
"176",-88.071337890625,30.25234375
"177",-81.418994140625,30.971435546875
"178",-81.4634765625,30.727783203125
"179",-81.48271484375,30.8140625
"180",-81.4846191406249,30.8978515625
"181",-81.450927734375,30.947412109375
"182",-81.418994140625,30.971435546875
"183",-118.350390625,32.827587890625
"184",-118.40859375,32.818505859375
"185",-118.473193359375,32.838916015625
"186",-118.52890625,32.935595703125
"187",-118.590185546875,33.011181640625
"188",-118.557080078125,33.032666015625
"189",-118.507470703125,32.959912109375
"190",-118.383203125,32.849462890625
"191",-118.350390625,32.827587890625
"192",-119.438037109375,33.2171875
"193",-119.48251953125,33.21533203125
"194",-119.54365234375,33.224609375
"195",-119.5751953125,33.2783203125001
"196",-119.525146484375,33.28203125
"197",-119.47880859375,33.274609375
"198",-119.442041015625,33.232421875
"199",-119.438037109375,33.2171875
"200",-118.34794921875,33.3857421875
"201",-118.2974609375,33.312109375
"202",-118.37021484375,33.321240234375
"203",-118.4462890625,33.31708984375
"204",-118.4693359375,33.35712890625
"205",-118.492041015625,33.41279296875
"206",-118.50732421875,33.4270019531251
"207",-118.559423828125,33.431982421875
"208",-118.563330078125,33.437060546875
"209",-118.56943359375,33.46416015625
"210",-118.554833984375,33.477099609375
"211",-118.39169921875,33.415087890625
"212",-118.34794921875,33.3857421875
"213",-120.0435546875,33.91884765625
"214",-120.113916015625,33.9048828125
"215",-120.167138671875,33.91806640625
"216",-120.251904296875,34.0138671875
"217",-120.071826171875,34.026513671875
"218",-119.994384765625,33.984912109375
"219",-119.983935546875,33.97333984375
"220",-120.0435546875,33.91884765625
"221",-120.306591796875,34.024853515625
"222",-120.359716796875,34.022265625
"223",-120.441552734375,34.03291015625
"224",-120.412939453125,34.056298828125
"225",-120.367724609375,34.073291015625
"226",-120.3533203125,34.060595703125
"227",-120.306591796875,34.024853515625
"228",-119.882373046875,34.0796875
"229",-119.678857421875,34.028466796875
"230",-119.569140625,34.052978515625
"231",-119.549267578125,34.0281738281251
"232",-119.56220703125,34.006591796875
"233",-119.8095703125,33.9677734375
"234",-119.885498046875,33.994921875
"235",-119.892431640625,34.032177734375
"236",-119.91806640625,34.067822265625
"237",-119.882373046875,34.0796875
"238",-76.546240234375,34.6548828125
"239",-76.568505859375,34.6525390625
"240",-76.6078125,34.66357421875
"241",-76.6619628906249,34.68466796875
"242",-76.67392578125,34.700146484375
"243",-76.622265625,34.69453125
"244",-76.546240234375,34.6548828125
"245",-76.5036621093749,34.64296875
"246",-76.5285644531249,34.6314941406251
"247",-76.4370117187499,34.75634765625
"248",-76.256201171875,34.914697265625
"249",-76.207373046875,34.938916015625
"250",-76.35771484375,34.803662109375
"251",-76.5036621093749,34.64296875
"252",-75.78193359375,35.190185546875
"253",-75.963671875,35.11884765625
"254",-75.9841796875,35.123095703125
"255",-75.8649414062499,35.17412109375
"256",-75.78193359375,35.190185546875
"257",-75.544140625,35.240087890625
"258",-75.678271484375,35.212841796875
"259",-75.690087890625,35.22158203125
"260",-75.536376953125,35.27861328125
"261",-75.4878906249999,35.4794921875001
"262",-75.48125,35.572119140625
"263",-75.504296875,35.735400390625
"264",-75.503515625,35.769140625
"265",-75.478515625,35.71650390625
"266",-75.4564453124999,35.56416015625
"267",-75.4647460937499,35.4486328125
"268",-75.509326171875,35.280322265625
"269",-75.544140625,35.240087890625
"270",-75.635693359375,35.855908203125
"271",-75.65078125,35.835595703125
"272",-75.7171874999999,35.946142578125
"273",-75.648876953125,35.910400390625
"274",-75.636669921875,35.8806640625
"275",-75.635693359375,35.855908203125
"276",-75.3330566406249,37.88828125
"277",-75.3785156249999,37.8720703125001
"278",-75.2259765625,38.072314453125
"279",-75.13740234375,38.2400878906251
"280",-75.097900390625,38.298095703125
"281",-75.13623046875,38.180517578125
"282",-75.2032226562499,38.072412109375
"283",-75.3330566406249,37.88828125
"284",-74.133203125,39.68076171875
"285",-74.25048828125,39.52939453125
"286",-74.253173828125,39.55849609375
"287",-74.10673828125,39.746435546875
"288",-74.133203125,39.68076171875
"289",-74.188134765625,40.5228515625
"290",-74.235888671875,40.518701171875
"291",-74.1881835937499,40.614599609375
"292",-74.10048828125,40.658447265625
"293",-74.06875,40.64931640625
"294",-74.0673828125,40.6154296875
"295",-74.0796875,40.586474609375
"296",-74.138525390625,40.541845703125
"297",-74.188134765625,40.5228515625
"298",-72.509765625,40.98603515625
"299",-72.580859375,40.921337890625
"300",-72.5166015625,40.914794921875
"301",-72.461328125,40.9337890625
"302",-72.408984375,40.97216796875
"303",-72.287451171875,41.0240722656251
"304",-72.18388671875,41.0467773437501
"305",-72.15126953125,41.05146484375
"306",-72.101904296875,41.0150390625
"307",-72.003955078125,41.044287109375
"308",-71.90322265625,41.0606933593751
"309",-72.3389648437499,40.894140625
"310",-72.428076171875,40.8753906250001
"311",-72.5555664062499,40.8257812500001
"312",-72.67607421875,40.790625
"313",-72.762841796875,40.77783203125
"314",-73.194287109375,40.65419921875
"315",-73.228515625,40.651513671875
"316",-73.26552734375,40.6635742187501
"317",-73.6208984375,40.59990234375
"318",-73.766748046875,40.592724609375
"319",-73.899560546875,40.5705078125
"320",-73.801318359375,40.62177734375
"321",-73.799169921875,40.640966796875
"322",-73.82265625,40.65595703125
"323",-73.8751953124999,40.651611328125
"324",-73.92900390625,40.598828125
"325",-74.014892578125,40.581201171875
"326",-74.03203125,40.638671875
"327",-74.0033691406249,40.683154296875
"328",-73.9645507812499,40.725341796875
"329",-73.879248046875,40.791650390625
"330",-73.7572265625,40.83369140625
"331",-73.69521484375,40.87001953125
"332",-73.65224609375,40.838037109375
"333",-73.642822265625,40.88125
"334",-73.609765625,40.906201171875
"335",-73.573828125,40.91962890625
"336",-73.48740234375,40.919970703125
"337",-73.440869140625,40.9267578125
"338",-73.4072265625,40.94111328125
"339",-73.372705078125,40.943798828125
"340",-73.278173828125,40.9242187500001
"341",-73.18583984375,40.929833984375
"342",-73.111279296875,40.956884765625
"343",-73.0337890625,40.965966796875
"344",-72.82880859375,40.9720703125
"345",-72.62509765625,40.9918457031251
"346",-72.54365234375,41.027001953125
"347",-72.37255859375,41.125537109375
"348",-72.27412109375,41.15302734375
"349",-72.4273925781249,41.038525390625
"350",-72.509765625,40.98603515625
"351",-69.9779296875,41.265576171875
"352",-70.055078125,41.249462890625
"353",-70.233056640625,41.286328125
"354",-70.0866210937499,41.317578125
"355",-70.0626953125,41.3284667968751
"356",-70.043603515625,41.3744140625
"357",-70.0412109375,41.3974609375
"358",-69.9855957031249,41.2986328125
"359",-69.9779296875,41.265576171875
"360",-70.509912109375,41.376318359375
"361",-70.785302734375,41.32744140625
"362",-70.8291992187499,41.3589843750001
"363",-70.760498046875,41.373583984375
"364",-70.67373046875,41.44853515625
"365",-70.616015625,41.4572265625
"366",-70.525341796875,41.414794921875
"367",-70.509912109375,41.376318359375
"368",-71.36533203125,41.48525390625
"369",-71.39306640625,41.466748046875
"370",-71.40341796875,41.5150390625
"371",-71.383984375,41.570556640625
"372",-71.364306640625,41.571826171875
"373",-71.3544921874999,41.54228515625
"374",-71.36533203125,41.48525390625
"375",-71.24140625,41.491943359375
"376",-71.29091796875,41.464599609375
"377",-71.346240234375,41.469384765625
"378",-71.3181640625,41.506298828125
"379",-71.3074707031249,41.560498046875
"380",-71.28017578125,41.6200195312501
"381",-71.264453125,41.638232421875
"382",-71.2320312499999,41.654296875
"383",-71.24140625,41.491943359375
"384",-68.623193359375,44.196044921875
"385",-68.661181640625,44.17626953125
"386",-68.701708984375,44.182666015625
"387",-68.70302734375,44.231982421875
"388",-68.6907714843749,44.24873046875
"389",-68.6767578125,44.256201171875
"390",-68.65595703125,44.242333984375
"391",-68.623193359375,44.196044921875
"392",-68.187255859375,44.332470703125
"393",-68.245458984375,44.31298828125
"394",-68.30927734375,44.321484375
"395",-68.307958984375,44.268701171875
"396",-68.315087890625,44.24970703125
"397",-68.385791015625,44.2768554687501
"398",-68.41171875,44.2943359375
"399",-68.4094726562499,44.3642578125
"400",-68.347021484375,44.43037109375
"401",-68.2994140625,44.456494140625
"402",-68.238037109375,44.43837890625
"403",-68.19091796875,44.36435546875
"404",-68.187255859375,44.332470703125
"405",-122.853076171875,47.2047363281251
"406",-122.86259765625,47.18505859375
"407",-122.8767578125,47.1861328125
"408",-122.907958984375,47.226123046875
"409",-122.9119140625,47.254345703125
"410",-122.885107421875,47.27470703125
"411",-122.849169921875,47.21630859375
"412",-122.853076171875,47.2047363281251
"413",-122.394140625,47.395263671875
"414",-122.39873046875,47.372509765625
"415",-122.437109375,47.35478515625
"416",-122.456982421875,47.359326171875
"417",-122.458203125,47.3861328125001
"418",-122.4685546875,47.390234375
"419",-122.509912109375,47.3580078125
"420",-122.5068359375,47.4216796875
"421",-122.486474609375,47.48876953125
"422",-122.468603515625,47.489990234375
"423",-122.44208984375,47.446142578125
"424",-122.394140625,47.395263671875
"425",-122.497265625,47.5945800781251
"426",-122.50263671875,47.575439453125
"427",-122.5578125,47.598291015625
"428",-122.575927734375,47.619482421875
"429",-122.57373046875,47.666845703125
"430",-122.560107421875,47.69775390625
"431",-122.549755859375,47.703955078125
"432",-122.517236328125,47.690576171875
"433",-122.507861328125,47.682666015625
"434",-122.497265625,47.5945800781251
"435",-122.57275390625,48.156640625
"436",-122.523828125,48.025439453125
"437",-122.50283203125,48.080078125
"438",-122.366748046875,47.98544921875
"439",-122.3666015625,47.938818359375
"440",-122.383154296875,47.923193359375
"441",-122.41142578125,47.917724609375
"442",-122.43759765625,47.93134765625
"443",-122.46162109375,47.964013671875
"444",-122.49228515625,47.9812988281251
"445",-122.55751953125,47.99248046875
"446",-122.591357421875,48.0296386718751
"447",-122.603173828125,48.055029296875
"448",-122.606298828125,48.1285644531251
"449",-122.62265625,48.151416015625
"450",-122.657275390625,48.1564941406251
"451",-122.690380859375,48.173876953125
"452",-122.74150390625,48.22529296875
"453",-122.74873046875,48.239013671875
"454",-122.72451171875,48.280908203125
"455",-122.668994140625,48.351025390625
"456",-122.62861328125,48.384228515625
"457",-122.603515625,48.3806152343751
"458",-122.5724609375,48.3595703125
"459",-122.535546875,48.32119140625
"460",-122.542431640625,48.293994140625
"461",-122.692138671875,48.241064453125
"462",-122.697021484375,48.228662109375
"463",-122.6244140625,48.21376953125
"464",-122.597607421875,48.200439453125
"465",-122.57275390625,48.156640625
"466",-122.8208984375,48.43134765625
"467",-122.836572265625,48.4215332031251
"468",-122.8900390625,48.4346679687501
"469",-122.921630859375,48.45693359375
"470",-122.932275390625,48.4847656250001
"471",-122.91220703125,48.53798828125
"472",-122.885498046875,48.551611328125
"473",-122.868896484375,48.5486328125
"474",-122.8619140625,48.50185546875
"475",-122.814599609375,48.45234375
"476",-122.8208984375,48.43134765625
"477",-123.013134765625,48.5008789062501
"478",-122.986767578125,48.468017578125
"479",-123.09443359375,48.4890625
"480",-123.13994140625,48.507958984375
"481",-123.15341796875,48.526318359375
"482",-123.169580078125,48.58671875
"483",-123.162158203125,48.606396484375
"484",-123.11416015625,48.61328125
"485",-123.024169921875,48.5384765625
"486",-123.013134765625,48.5008789062501
"487",-122.78212890625,48.6727050781251
"488",-122.76884765625,48.6509765625
"489",-122.808984375,48.629833984375
"490",-122.83759765625,48.6265625
"491",-122.88310546875,48.66064453125
"492",-122.90302734375,48.664697265625
"493",-122.88701171875,48.6123046875
"494",-122.892529296875,48.594482421875
"495",-122.98564453125,48.626708984375
"496",-123.00283203125,48.6521972656251
"497",-122.97666015625,48.679150390625
"498",-122.918017578125,48.706982421875
"499",-122.897705078125,48.7103515625
"500",-122.78212890625,48.6727050781251
"501",-94.803466796875,49.0029296875
"502",-94.71279296875,48.863427734375
"503",-94.712548828125,48.86298828125
"504",-94.705078125,48.80849609375
"505",-94.675341796875,48.7744140625
"506",-94.6208984375,48.742626953125
"507",-94.41416015625,48.7041015625001
"508",-94.05517578125,48.659033203125
"509",-93.851611328125,48.607275390625
"510",-93.803564453125,48.5489257812501
"511",-93.70771484375,48.525439453125
"512",-93.5642578124999,48.5369140625
"513",-93.4636230468749,48.561279296875
"514",-93.377880859375,48.616552734375
"515",-93.257958984375,48.628857421875
"516",-93.155224609375,48.625341796875
"517",-93.051708984375,48.619873046875
"518",-92.9962402343749,48.61181640625
"519",-92.83671875,48.5677734375
"520",-92.732666015625,48.5318359375
"521",-92.583251953125,48.465087890625
"522",-92.5005859374999,48.4353515625
"523",-92.460888671875,48.365869140625
"524",-92.4145996093749,48.276611328125
"525",-92.3484375,48.276611328125
"526",-92.298681640625,48.32890625
"527",-92.17177734375,48.33837890625
"528",-92.00517578125,48.30185546875
"529",-91.8583984374999,48.19755859375
"530",-91.647314453125,48.10458984375
"531",-91.5183105468749,48.05830078125
"532",-91.38720703125,48.058544921875
"533",-91.220654296875,48.10458984375
"534",-91.04345703125,48.193701171875
"535",-90.916064453125,48.209130859375
"536",-90.84033203125,48.2005371093751
"537",-90.797314453125,48.1310546875
"538",-90.744384765625,48.10458984375
"539",-90.607080078125,48.11259765625
"540",-90.3201171875,48.099169921875
"541",-90.091796875,48.118115234375
"542",-90.0399414062499,48.078173828125
"543",-89.99365234375,48.01533203125
"544",-89.901025390625,47.995458984375
"545",-89.775390625,48.01533203125
"546",-89.5505859375,47.99990234375
"547",-89.4556640625,47.996240234375
"548",-89.273193359375,48.019970703125
"549",-89.18564453125,48.047412109375
"550",-89.0625976562499,48.093798828125
"551",-88.898681640625,48.155712890625
"552",-88.611767578125,48.264013671875
"553",-88.378173828125,48.303076171875
"554",-88.16064453125,48.225390625
"555",-87.9874511718749,48.1568847656251
"556",-87.9205078125,48.1303710937501
"557",-87.743896484375,48.060546875
"558",-87.49423828125,47.961767578125
"559",-87.2080078125,47.848486328125
"560",-86.921826171875,47.735205078125
"561",-86.67216796875,47.63642578125
"562",-86.495556640625,47.5666015625
"563",-86.428564453125,47.540087890625
"564",-86.2344726562499,47.46005859375
"565",-86.040380859375,47.3800292968751
"566",-85.846337890625,47.3
"567",-85.65224609375,47.219970703125
"568",-85.458203125,47.13994140625
"569",-85.264111328125,47.0599609375
"570",-85.070068359375,46.979931640625
"571",-84.8759765624999,46.89990234375
"572",-84.82705078125,46.766845703125
"573",-84.77939453125,46.6373046875
"574",-84.665771484375,46.54326171875
"575",-84.561767578125,46.457373046875
"576",-84.5015625,46.461865234375
"577",-84.440478515625,46.4981445312501
"578",-84.401708984375,46.515625
"579",-84.33671875,46.518505859375
"580",-84.1921875,46.5495605468751
"581",-84.149462890625,46.5427734375
"582",-84.1251953125,46.5272460937501
"583",-84.123193359375,46.5029296875
"584",-84.128125,46.48359375
"585",-84.15048828125,46.444775390625
"586",-84.115185546875,46.37080078125
"587",-84.107763671875,46.288623046875
"588",-84.08837890625,46.226513671875
"589",-84.02919921875,46.147021484375
"590",-83.977783203125,46.084912109375
"591",-83.913037109375,46.072900390625
"592",-83.76318359375,46.10908203125
"593",-83.669287109375,46.12275390625
"594",-83.615966796875,46.116845703125
"595",-83.524755859375,46.0586914062501
"596",-83.480126953125,46.02373046875
"597",-83.469482421875,45.994677734375
"598",-83.59267578125,45.8171386718751
"599",-83.397314453125,45.729052734375
"600",-83.179296875,45.632763671875
"601",-82.9193359374999,45.51796875
"602",-82.760400390625,45.447705078125
"603",-82.55107421875,45.34736328125
"604",-82.5152343749999,45.20439453125
"605",-82.4850585937499,45.083740234375
"606",-82.44658203125,44.9155273437501
"607",-82.407373046875,44.7439453125
"608",-82.36826171875,44.572998046875
"609",-82.326806640625,44.391552734375
"610",-82.28125,44.192236328125
"611",-82.240771484375,44.01533203125
"612",-82.19658203125,43.822216796875
"613",-82.137841796875,43.5708984375
"614",-82.190380859375,43.474072265625
"615",-82.30478515625,43.263232421875
"616",-82.408203125,43.0726562500001
"617",-82.417236328125,43.0173828125
"618",-82.488330078125,42.739501953125
"619",-82.5453125,42.62470703125
"620",-82.6451171875,42.558056640625
"621",-82.744189453125,42.49345703125
"622",-82.8677734375,42.385205078125
"623",-83.0037109375,42.33173828125
"624",-83.07314453125,42.30029296875
"625",-83.109521484375,42.25068359375
"626",-83.149658203125,42.1419433593751
"627",-83.141943359375,41.97587890625
"628",-83.0299804687499,41.832958984375
"629",-82.8662109375,41.75302734375
"630",-82.6900390624999,41.6751953125
"631",-82.4390625,41.674853515625
"632",-82.213330078125,41.7787109375001
"633",-81.974169921875,41.888720703125
"634",-81.7609374999999,41.98681640625
"635",-81.50732421875,42.103466796875
"636",-81.27763671875,42.2091796875
"637",-81.02822265625,42.24716796875
"638",-80.6826171875,42.299755859375
"639",-80.24755859375,42.366015625
"640",-80.0357421875,42.441455078125
"641",-79.7620117187499,42.53896484375
"642",-79.446240234375,42.65146484375
"643",-79.17373046875,42.74853515625
"644",-79.03671875,42.80234375
"645",-78.9392578125,42.863720703125
"646",-78.915087890625,42.909130859375
"647",-78.920849609375,42.935205078125
"648",-78.94599609375,42.961328125
"649",-78.9807617187499,42.980615234375
"650",-79.011669921875,42.997021484375
"651",-79.026171875,43.0173339843751
"652",-79.029052734375,43.061767578125
"653",-79.047998046875,43.0873046875
"654",-79.066064453125,43.106103515625
"655",-79.059228515625,43.2780761718751
"656",-79.083056640625,43.331396484375
"657",-79.171875,43.466552734375
"658",-79.002490234375,43.5271484375
"659",-78.845556640625,43.583349609375
"660",-78.72041015625,43.624951171875
"661",-78.458251953125,43.631494140625
"662",-78.2147949218749,43.6306640625
"663",-77.879248046875,43.629541015625
"664",-77.596533203125,43.62861328125
"665",-77.26669921875,43.627490234375
"666",-77.07333984375,43.62685546875
"667",-76.819970703125,43.62880859375
"668",-76.696484375,43.784814453125
"669",-76.5861328125,43.92431640625
"670",-76.464599609375,44.0576171875
"671",-76.24853515625,44.214111328125
"672",-76.185791015625,44.242236328125
"673",-76.151171875,44.303955078125
"674",-76.02021484375,44.36259765625
"675",-75.875927734375,44.4169921875
"676",-75.8193359375,44.468017578125
"677",-75.791943359375,44.4970703125
"678",-75.40126953125,44.772265625
"679",-75.17939453125,44.899365234375
"680",-74.996142578125,44.9701171875
"681",-74.856640625,45.00390625
"682",-74.7624511718749,44.999072265625
"683",-74.70888671875,45.003857421875
"684",-74.663232421875,45.00390625
"685",-74.43037109375,45.00419921875
"686",-74.0142578125,45.0046875
"687",-73.59814453125,45.00517578125
"688",-73.1820312499999,45.005615234375
"689",-72.76591796875,45.006103515625
"690",-72.3497558593749,45.006591796875
"691",-71.933642578125,45.0070800781251
"692",-71.517529296875,45.007568359375
"693",-71.4190429687499,45.200341796875
"694",-71.327294921875,45.290087890625
"695",-71.201611328125,45.2603515625
"696",-71.13466796875,45.262841796875
"697",-71.06025390625,45.309130859375
"698",-70.99990234375,45.337255859375
"699",-70.96015625,45.33310546875
"700",-70.926220703125,45.29072265625
"701",-70.8979980468749,45.262451171875
"702",-70.8650390625,45.270703125
"703",-70.83681640625,45.310693359375
"704",-70.83779296875,45.366162109375
"705",-70.799169921875,45.40478515625
"706",-70.7533203125,45.410693359375
"707",-70.7109375,45.40947265625
"708",-70.689794921875,45.4283203125
"709",-70.692138671875,45.45537109375
"710",-70.707421875,45.49892578125
"711",-70.70224609375,45.5513671875
"712",-70.59638671875,45.643994140625
"713",-70.4666015625,45.7068359375
"714",-70.42109375,45.738232421875
"715",-70.407861328125,45.801904296875
"716",-70.333447265625,45.8680664062501
"717",-70.296240234375,45.9061035156251
"718",-70.287158203125,45.93916015625
"719",-70.3064453125,45.979833984375
"720",-70.3044921875,46.057373046875
"721",-70.27890625,46.15
"722",-70.248291015625,46.2508789062501
"723",-70.1796875,46.341845703125
"724",-70.0671875,46.441064453125
"725",-70.038232421875,46.571435546875
"726",-70.00771484375,46.708935546875
"727",-69.8717285156249,46.8429199218751
"728",-69.717529296875,46.994873046875
"729",-69.6297851562499,47.08134765625
"730",-69.4714843749999,47.238671875
"731",-69.35888671875,47.350634765625
"732",-69.3021484375,47.402001953125
"733",-69.24287109375,47.46298828125
"734",-69.1462890624999,47.444775390625
"735",-69.0501953125,47.426611328125
"736",-69.0642578125,47.338134765625
"737",-69.048583984375,47.2736328125
"738",-69.003125,47.23642578125
"739",-68.93720703125,47.21123046875
"740",-68.88740234375,47.20283203125
"741",-68.8287109375,47.2033203125
"742",-68.6685546874999,47.253466796875
"743",-68.48037109375,47.285791015625
"744",-68.376904296875,47.316162109375
"745",-68.3580078125,47.34453125
"746",-68.310888671875,47.3544921875
"747",-68.235498046875,47.345947265625
"748",-68.09677734375,47.274853515625
"749",-67.93486328125,47.167626953125
"750",-67.806787109375,47.0828125
"751",-67.80283203125,46.9357421875
"752",-67.800341796875,46.7798828125
"753",-67.797705078125,46.615625
"754",-67.79580078125,46.498388671875
"755",-67.792529296875,46.33740234375
"756",-67.78994140625,46.209326171875
"757",-67.786474609375,46.042138671875
"758",-67.78466796875,45.952783203125
"759",-67.767041015625,45.9270019531251
"760",-67.77763671875,45.891796875
"761",-67.782275390625,45.8741699218751
"762",-67.78115234375,45.86015625
"763",-67.77412109375,45.842529296875
"764",-67.77529296875,45.81787109375
"765",-67.7916992187499,45.795556640625
"766",-67.79990234375,45.769775390625
"767",-67.8022460937499,45.7275390625
"768",-67.78466796875,45.701708984375
"769",-67.755322265625,45.686474609375
"770",-67.7306640624999,45.686474609375
"771",-67.698974609375,45.67119140625
"772",-67.65791015625,45.644189453125
"773",-67.595751953125,45.620751953125
"774",-67.531201171875,45.612548828125
"775",-67.48662109375,45.618408203125
"776",-67.432666015625,45.603125
"777",-67.4138671875,45.565576171875
"778",-67.4244140625,45.530419921875
"779",-67.454931640625,45.51396484375
"780",-67.48779296875,45.501025390625
"781",-67.49365234375,45.474072265625
"782",-67.47724609375,45.4458984375
"783",-67.453759765625,45.421240234375
"784",-67.4279296875,45.3779296875
"785",-67.438525390625,45.340380859375
"786",-67.461962890625,45.30869140625
"787",-67.47255859375,45.27587890625
"788",-67.452587890625,45.24765625
"789",-67.3998046874999,45.21015625
"790",-67.366943359375,45.173779296875
"791",-67.3152832031249,45.15380859375
"792",-67.290673828125,45.167919921875
"793",-67.2707031249999,45.18671875
"794",-67.249609375,45.20078125
"795",-67.213232421875,45.192529296875
"796",-67.1709960937499,45.181982421875
"797",-67.124853515625,45.16943359375
"798",-67.13037109375,45.139013671875
"799",-67.10224609375,45.0877441406251
"800",-67.08046875,44.9891601562501
"801",-67.113916015625,44.944384765625
"802",-67.10673828125,44.88505859375
"803",-67.014013671875,44.8677734375
"804",-66.991455078125,44.849609375
"805",-66.98701171875,44.827685546875
"806",-67.191259765625,44.6755859375
"807",-67.3640624999999,44.696875
"808",-67.4578124999999,44.65654296875
"809",-67.556005859375,44.6447753906251
"810",-67.599072265625,44.576806640625
"811",-67.652978515625,44.5624023437501
"812",-67.7268066406249,44.56650390625
"813",-67.790478515625,44.585693359375
"814",-67.8390625,44.57626953125
"815",-67.90703125,44.45361328125
"816",-67.9626953125,44.464306640625
"817",-67.98486328125,44.420166015625
"818",-68.01396484375,44.40087890625
"819",-68.056640625,44.384326171875
"820",-68.093701171875,44.438818359375
"821",-68.11728515625,44.490625
"822",-68.15205078125,44.502001953125
"823",-68.1982421875,44.515234375
"824",-68.245751953125,44.514794921875
"825",-68.27744140625,44.507373046875
"826",-68.3167480468749,44.4738769531251
"827",-68.3737304687499,44.4451171875
"828",-68.416845703125,44.469091796875
"829",-68.4505859375,44.5076171875
"830",-68.479443359375,44.445654296875
"831",-68.521435546875,44.3802246093751
"832",-68.514453125,44.30390625
"833",-68.53251953125,44.258642578125
"834",-68.57236328125,44.270849609375
"835",-68.61201171875,44.310546875
"836",-68.723291015625,44.34228515625
"837",-68.8119140624999,44.33935546875
"838",-68.793896484375,44.38173828125
"839",-68.710107421875,44.442578125
"840",-68.735888671875,44.4544921875
"841",-68.777001953125,44.446044921875
"842",-68.7949218749999,44.4544921875
"843",-68.76552734375,44.509765625
"844",-68.7626953124999,44.570751953125
"845",-68.8001953125,44.5494140625
"846",-68.84736328125,44.48505859375
"847",-68.961474609375,44.433837890625
"848",-68.95615234375,44.348095703125
"849",-69.06357421875,44.17236328125
"850",-69.068359375,44.09755859375
"851",-69.137255859375,44.037841796875
"852",-69.22607421875,43.9864746093751
"853",-69.34453125,44.000927734375
"854",-69.4349609375,43.956298828125
"855",-69.480859375,43.905078125
"856",-69.520751953125,43.89736328125
"857",-69.541552734375,43.96259765625
"858",-69.556689453125,43.982763671875
"859",-69.589990234375,43.886572265625
"860",-69.62392578125,43.880615234375
"861",-69.6367675781249,43.948828125
"862",-69.6528808593749,43.9938964843751
"863",-69.6991210937499,43.955029296875
"864",-69.729833984375,43.852001953125
"865",-69.76201171875,43.860693359375
"866",-69.772265625,43.8990234375
"867",-69.7953125,43.9106445312501
"868",-69.80322265625,43.866845703125
"869",-69.7916015624999,43.805224609375
"870",-69.808349609375,43.772314453125
"871",-69.84033203125,43.7898925781251
"872",-69.872509765625,43.81953125
"873",-69.9255859375,43.797021484375
"874",-69.97431640625,43.787890625
"875",-69.97451171875,43.81806640625
"876",-69.965234375,43.855078125
"877",-70.0623535156249,43.834619140625
"878",-70.17880859375,43.7663574218751
"879",-70.26923828125,43.671923828125
"880",-70.237890625,43.656201171875
"881",-70.2025878906249,43.626123046875
"882",-70.35966796875,43.480224609375
"883",-70.520703125,43.348828125
"884",-70.642333984375,43.134423828125
"885",-70.691162109375,43.109326171875
"886",-70.73310546875,43.07001953125
"887",-70.7776367187499,42.9405761718751
"888",-70.8290527343749,42.825341796875
"889",-70.80029296875,42.7740234375
"890",-70.78134765625,42.721240234375
"891",-70.735693359375,42.669287109375
"892",-70.696875,42.664599609375
"893",-70.654833984375,42.673974609375
"894",-70.623974609375,42.67177734375
"895",-70.6041503906249,42.64970703125
"896",-70.612939453125,42.6232421875
"897",-70.66142578125,42.616650390625
"898",-70.75185546875,42.570361328125
"899",-70.83115234375,42.552587890625
"900",-70.8708984375,42.496630859375
"901",-70.93046875,42.431982421875
"902",-71.0461914062499,42.331103515625
"903",-70.996728515625,42.3
"904",-70.81796875,42.26494140625
"905",-70.73828125,42.228857421875
"906",-70.61767578125,42.0404296875
"907",-70.64521484375,42.02158203125
"908",-70.65615234375,41.987060546875
"909",-70.54892578125,41.938623046875
"910",-70.514697265625,41.8033203125
"911",-70.42666015625,41.757275390625
"912",-70.2954589843749,41.728955078125
"913",-70.135009765625,41.769873046875
"914",-70.001416015625,41.826171875
"915",-70.006103515625,41.872314453125
"916",-70.0900390625,41.9796875
"917",-70.1102539062499,42.030126953125
"918",-70.17255859375,42.06279296875
"919",-70.196240234375,42.035107421875
"920",-70.2365234375,42.071044921875
"921",-70.2410644531249,42.0912109375
"922",-70.2035156249999,42.101025390625
"923",-70.1598632812499,42.097119140625
"924",-70.108935546875,42.0783203125
"925",-69.977880859375,41.961279296875
"926",-69.9416015625,41.807861328125
"927",-69.933837890625,41.71044921875
"928",-69.9486328125,41.6771484375001
"929",-69.9867675781249,41.683984375
"930",-70.059521484375,41.67734375
"931",-70.4046875,41.626904296875
"932",-70.48134765625,41.582470703125
"933",-70.65712890625,41.534228515625
"934",-70.66806640625,41.55830078125
"935",-70.65537109375,41.60810546875
"936",-70.6664550781249,41.710107421875
"937",-70.701123046875,41.71484375
"938",-70.97421875,41.54853515625
"939",-71.0797851562499,41.5380859375001
"940",-71.1685546875,41.489404296875
"941",-71.188427734375,41.51640625
"942",-71.204296875,41.64111328125
"943",-71.14873046875,41.745703125
"944",-71.1783203125,41.74404296875
"945",-71.27109375,41.68125
"946",-71.3107421875,41.7198730468751
"947",-71.330615234375,41.762255859375
"948",-71.3591796875,41.7862304687501
"949",-71.39013671875,41.7953125000001
"950",-71.363671875,41.702734375
"951",-71.4265625,41.63330078125
"952",-71.4437988281249,41.4537109375
"953",-71.5228515625,41.378955078125
"954",-71.769287109375,41.330908203125
"955",-71.929931640625,41.3410644531251
"956",-72.073876953125,41.326123046875
"957",-72.265283203125,41.291650390625
"958",-72.371044921875,41.312158203125
"959",-72.47939453125,41.27578125
"960",-72.84716796875,41.265869140625
"961",-72.92470703125,41.28515625
"962",-73.0237304687499,41.216455078125
"963",-73.182275390625,41.175830078125
"964",-73.5830078125,41.0218750000001
"965",-73.67138671875,40.965869140625
"966",-73.77900390625,40.87841796875
"967",-73.85126953125,40.831396484375
"968",-73.910693359375,40.81611328125
"969",-73.947216796875,40.7769531250001
"970",-73.987109375,40.7513671875
"971",-73.948583984375,40.8387695312501
"972",-73.90673828125,40.912451171875
"973",-73.87197265625,41.05517578125
"974",-73.8822265624999,41.17060546875
"975",-73.9253417968749,41.21806640625
"976",-73.969921875,41.24970703125
"977",-73.91767578125,41.135791015625
"978",-73.9092285156249,40.99609375
"979",-73.927197265625,40.9142578125
"980",-74.02548828125,40.756396484375
"981",-74.067333984375,40.71962890625
"982",-74.1162597656249,40.6873046875
"983",-74.153125,40.6732421875
"984",-74.187158203125,40.647998046875
"985",-74.226708984375,40.6080078125
"986",-74.264208984375,40.52861328125
"987",-74.24150390625,40.45625
"988",-74.049853515625,40.4298339843751
"989",-73.9984375,40.4521484375001
"990",-73.972265625,40.400341796875
"991",-73.9576171875,40.328369140625
"992",-73.9719726562499,40.250537109375
"993",-74.00400390625,40.171337890625
"994",-74.0283203125,40.072998046875
"995",-74.04892578125,39.923046875
"996",-74.079931640625,39.788134765625
"997",-74.083984375,39.8291015625001
"998",-74.064599609375,39.993115234375
"999",-74.09599609375,39.9759765625
"1000",-74.117626953125,39.938134765625
"1001",-74.1761230468749,39.726611328125
"1002",-74.25654296875,39.6138671875
"1003",-74.330615234375,39.535888671875
"1004",-74.40703125,39.548779296875
"1005",-74.38984375,39.48681640625
"1006",-74.41083984375,39.454541015625
"1007",-74.42880859375,39.38720703125
"1008",-74.474365234375,39.342578125
"1009",-74.5171875,39.346875
"1010",-74.5787109375,39.31611328125
"1011",-74.602978515625,39.292578125
"1012",-74.60478515625,39.247509765625
"1013",-74.6459472656249,39.207861328125
"1014",-74.794482421875,39.001904296875
"1015",-74.9234375,38.94111328125
"1016",-74.954296875,38.949951171875
"1017",-74.9203125,39.04716796875
"1018",-74.897021484375,39.145458984375
"1019",-74.97529296875,39.1882324218751
"1020",-75.0501953125,39.21083984375
"1021",-75.1361328125,39.207861328125
"1022",-75.2310546875,39.28427734375
"1023",-75.35341796875,39.33984375
"1024",-75.52421875,39.490185546875
"1025",-75.51923828125,39.531884765625
"1026",-75.52353515625,39.60185546875
"1027",-75.471630859375,39.71240234375
"1028",-75.421875,39.789697265625
"1029",-75.3531738281249,39.829736328125
"1030",-75.15380859375,39.8705078125001
"1031",-75.10380859375,39.9318359375
"1032",-75.074169921875,39.9834960937501
"1033",-75.17294921875,39.894775390625
"1034",-75.3208984375,39.864697265625
"1035",-75.400634765625,39.831591796875
"1036",-75.464404296875,39.78095703125
"1037",-75.5021484375,39.7173828125
"1038",-75.58759765625,39.6407714843751
"1039",-75.5815917968749,39.589453125
"1040",-75.56728515625,39.552978515625
"1041",-75.573876953125,39.476953125
"1042",-75.51982421875,39.40283203125
"1043",-75.412646484375,39.281396484375
"1044",-75.3921875,39.0927734375001
"1045",-75.310400390625,38.966552734375
"1046",-75.18505859375,38.819384765625
"1047",-75.088671875,38.7775390625
"1048",-75.083984375,38.722802734375
"1049",-75.128466796875,38.6324218750001
"1050",-75.1871093749999,38.59111328125
"1051",-75.11083984375,38.599365234375
"1052",-75.0728515624999,38.5787109375
"1053",-75.035888671875,38.5033203125001
"1054",-75.0387695312499,38.4263671875
"1055",-75.05126953125,38.3830078125
"1056",-75.074365234375,38.36572265625
"1057",-75.073388671875,38.410009765625
"1058",-75.08974609375,38.425390625
"1059",-75.116748046875,38.406201171875
"1060",-75.1342285156249,38.384326171875
"1061",-75.14150390625,38.29814453125
"1062",-75.160009765625,38.255078125
"1063",-75.2254394531249,38.24228515625
"1064",-75.291796875,38.12919921875
"1065",-75.353515625,38.0650390625
"1066",-75.5963867187499,37.631201171875
"1067",-75.587109375,37.55869140625
"1068",-75.63154296875,37.5353515625
"1069",-75.698828125,37.5163574218751
"1070",-75.76689453125,37.472998046875
"1071",-75.812060546875,37.4251953125001
"1072",-75.85400390625,37.2966308593751
"1073",-75.934375,37.151904296875
"1074",-75.984521484375,37.21220703125
"1075",-75.99736328125,37.263818359375
"1076",-75.975048828125,37.3984375
"1077",-75.888134765625,37.619140625
"1078",-75.7923828125,37.75634765625
"1079",-75.7193359375,37.82138671875
"1080",-75.6592773437499,37.953955078125
"1081",-75.73515625,37.97373046875
"1082",-75.850830078125,37.97158203125
"1083",-75.829052734375,38.032763671875
"1084",-75.7953125,38.086669921875
"1085",-75.855615234375,38.140380859375
"1086",-75.89130859375,38.147216796875
"1087",-75.928076171875,38.16923828125
"1088",-75.8849609374999,38.21396484375
"1089",-75.863916015625,38.26123046875
"1090",-75.8767578125,38.31875
"1091",-75.85869140625,38.362060546875
"1092",-75.888818359375,38.355517578125
"1093",-75.937255859375,38.30966796875
"1094",-75.9673828125,38.291357421875
"1095",-75.9857421874999,38.33193359375
"1096",-76.0066894531249,38.32275390625
"1097",-76.0203125,38.294873046875
"1098",-76.051220703125,38.279541015625
"1099",-76.1165039062499,38.31767578125
"1100",-76.211669921875,38.361328125
"1101",-76.2646484375,38.43642578125
"1102",-76.294873046875,38.4946289062501
"1103",-76.26416015625,38.599951171875
"1104",-76.198388671875,38.61865234375
"1105",-76.112939453125,38.6015625
"1106",-76.0009277343749,38.601708984375
"1107",-76.016943359375,38.62509765625
"1108",-76.05693359375,38.621240234375
"1109",-76.175,38.706689453125
"1110",-76.21298828125,38.75830078125
"1111",-76.2783203124999,38.7724609375
"1112",-76.30810546875,38.7228515625
"1113",-76.341162109375,38.70966796875
"1114",-76.300341796875,38.818212890625
"1115",-76.24697265625,38.82265625
"1116",-76.1681640625,38.852734375
"1117",-76.1910644531249,38.915576171875
"1118",-76.2408203124999,38.94306640625
"1119",-76.3306640624999,38.90859375
"1120",-76.32958984375,38.9527832031251
"1121",-76.3127441406249,39.009375
"1122",-76.24501953125,39.0091796875
"1123",-76.185693359375,38.99072265625
"1124",-76.1352050781249,39.08212890625
"1125",-76.132958984375,39.12294921875
"1126",-76.216845703125,39.063623046875
"1127",-76.235693359375,39.1916015625
"1128",-76.1531249999999,39.3150390625
"1129",-76.074365234375,39.36884765625
"1130",-75.9759765625,39.36728515625
"1131",-75.8759765625,39.3759765625
"1132",-75.938720703125,39.398583984375
"1133",-76.0031249999999,39.41083984375
"1134",-75.954736328125,39.459619140625
"1135",-75.9134765625,39.468359375
"1136",-75.87294921875,39.510888671875
"1137",-75.9704101562499,39.50458984375
"1138",-75.958935546875,39.58505859375
"1139",-76.006298828125,39.568701171875
"1140",-76.06298828125,39.5611328125
"1141",-76.08505859375,39.5270019531251
"1142",-76.080712890625,39.4703125
"1143",-76.097265625,39.43310546875
"1144",-76.141357421875,39.40322265625
"1145",-76.2158203125,39.379931640625
"1146",-76.223046875,39.4203125
"1147",-76.24765625,39.438623046875
"1148",-76.2568359375,39.3521484375
"1149",-76.2763671875,39.32275390625
"1150",-76.330810546875,39.40390625
"1151",-76.3471679687499,39.3875488281251
"1152",-76.345068359375,39.364501953125
"1153",-76.3589843749999,39.324658203125
"1154",-76.4056640625,39.30390625
"1155",-76.402783203125,39.25283203125
"1156",-76.4208984375,39.225
"1157",-76.5704101562499,39.2693359375
"1158",-76.57392578125,39.254296875
"1159",-76.4893554687499,39.15869140625
"1160",-76.427587890625,39.126025390625
"1161",-76.420068359375,39.073876953125
"1162",-76.4730957031249,39.030615234375
"1163",-76.546240234375,39.0679687500001
"1164",-76.5585449218749,39.065234375
"1165",-76.518798828125,39.001171875
"1166",-76.49375,38.94521484375
"1167",-76.51953125,38.8983398437501
"1168",-76.51552734375,38.840625
"1169",-76.52109375,38.78828125
"1170",-76.536865234375,38.742626953125
"1171",-76.501318359375,38.532177734375
"1172",-76.45849609375,38.474951171875
"1173",-76.41640625,38.42021484375
"1174",-76.394091796875,38.368994140625
"1175",-76.43876953125,38.3615234375
"1176",-76.509912109375,38.403662109375
"1177",-76.572412109375,38.4357910156251
"1178",-76.646875,38.538525390625
"1179",-76.6591796875,38.579541015625
"1180",-76.67734375,38.611962890625
"1181",-76.6685546875,38.5375
"1182",-76.6419921875,38.454345703125
"1183",-76.4087890625,38.26826171875
"1184",-76.36572265625,38.1968750000001
"1185",-76.33291015625,38.140771484375
"1186",-76.341162109375,38.0870117187501
"1187",-76.401953125,38.125048828125
"1188",-76.4543945312499,38.17353515625
"1189",-76.593603515625,38.2283203125
"1190",-76.769140625,38.262939453125
"1191",-76.868115234375,38.390283203125
"1192",-76.8677734374999,38.337158203125
"1193",-76.88974609375,38.29208984375
"1194",-76.950244140625,38.347021484375
"1195",-76.98837890625,38.393896484375
"1196",-77.001171875,38.445263671875
"1197",-77.076708984375,38.441748046875
"1198",-77.155908203125,38.397119140625
"1199",-77.23251953125,38.40771484375
"1200",-77.2416015625,38.49482421875
"1201",-77.2208984375,38.540966796875
"1202",-77.1349121093749,38.65009765625
"1203",-77.05390625,38.705810546875
"1204",-77.0181640624999,38.777734375
"1205",-77.0303710937499,38.8892578125
"1206",-77.04560546875,38.7757812500001
"1207",-77.09189453125,38.71953125
"1208",-77.1646484374999,38.6765625
"1209",-77.260400390625,38.6
"1210",-77.2837890625,38.52919921875
"1211",-77.313671875,38.396630859375
"1212",-77.2732421875,38.3517578125
"1213",-77.23193359375,38.3400390625
"1214",-77.109912109375,38.3701171875
"1215",-77.04677734375,38.356689453125
"1216",-76.90634765625,38.1970703125
"1217",-76.644873046875,38.133935546875
"1218",-76.54951171875,38.094482421875
"1219",-76.47177734375,38.011181640625
"1220",-76.3549316406249,37.9632324218751
"1221",-76.2642578125,37.8935546875
"1222",-76.26181640625,37.848095703125
"1223",-76.293212890625,37.7943359375
"1224",-76.305615234375,37.72158203125
"1225",-76.344140625,37.67568359375
"1226",-76.43662109375,37.67041015625
"1227",-76.49248046875,37.6822265625
"1228",-76.7927734375,37.93798828125
"1229",-76.82861328125,37.9615234375
"1230",-76.939990234375,38.095458984375
"1231",-77.070654296875,38.1671875
"1232",-77.111083984375,38.165673828125
"1233",-76.92509765625,38.0330078125
"1234",-76.849169921875,37.940234375
"1235",-76.7154296875,37.81015625
"1236",-76.61982421875,37.755078125
"1237",-76.5494628906249,37.669140625
"1238",-76.48408203125,37.628857421875
"1239",-76.30556640625,37.571484375
"1240",-76.367626953125,37.5302734375001
"1241",-76.2685546875,37.495166015625
"1242",-76.25439453125,37.430615234375
"1243",-76.2634765625,37.35703125
"1244",-76.4009765625,37.3861328125
"1245",-76.40546875,37.33193359375
"1246",-76.3931640625,37.299951171875
"1247",-76.4539062499999,37.2735351562501
"1248",-76.53837890625,37.309375
"1249",-76.75771484375,37.505419921875
"1250",-76.755859375,37.47919921875
"1251",-76.7380859375,37.448779296875
"1252",-76.6108886718749,37.32255859375
"1253",-76.49736328125,37.246875
"1254",-76.401123046875,37.2126953125
"1255",-76.326953125,37.1492675781251
"1256",-76.30078125,37.110888671875
"1257",-76.28330078125,37.052685546875
"1258",-76.33828125,37.013134765625
"1259",-76.40087890625,36.99130859375
"1260",-76.46201171875,37.03076171875
"1261",-76.5068359375,37.072314453125
"1262",-76.602294921875,37.14287109375
"1263",-76.6309082031249,37.221728515625
"1264",-76.703515625,37.2176757812501
"1265",-77.006982421875,37.31767578125
"1266",-77.2508789062499,37.32919921875
"1267",-77.22705078125,37.30908203125
"1268",-77.19619140625,37.295703125
"1269",-77.001953125,37.271044921875
"1270",-76.9251953125,37.225
"1271",-76.7654296875,37.184130859375
"1272",-76.671875,37.17294921875
"1273",-76.633935546875,37.047412109375
"1274",-76.504638671875,36.96103515625
"1275",-76.487841796875,36.897021484375
"1276",-76.399560546875,36.88984375
"1277",-76.24423828125,36.9526367187501
"1278",-76.143994140625,36.930615234375
"1279",-75.9994140625,36.912646484375
"1280",-75.966357421875,36.861962890625
"1281",-75.941552734375,36.76552734375
"1282",-75.8904296875,36.65703125
"1283",-75.757861328125,36.229248046875
"1284",-75.55869140625,35.879345703125
"1285",-75.5341796875,35.8190917968751
"1286",-75.58046875,35.87197265625
"1287",-75.72822265625,36.1037109375
"1288",-75.809765625,36.271044921875
"1289",-75.8935546875,36.56650390625
"1290",-75.91787109375,36.6326660156251
"1291",-75.946484375,36.65908203125
"1292",-75.96533203125,36.63759765625
"1293",-75.9734375,36.5999511718751
"1294",-75.959765625,36.571044921875
"1295",-75.9927734374999,36.473779296875
"1296",-75.978466796875,36.429150390625
"1297",-75.924853515625,36.3830078125
"1298",-75.8666015625,36.26787109375
"1299",-75.8200683593749,36.112841796875
"1300",-75.8830078125,36.1756835937501
"1301",-75.9501953125,36.208984375
"1302",-76.054736328125,36.234521484375
"1303",-76.1478515625,36.279296875
"1304",-76.141064453125,36.215087890625
"1305",-76.15,36.145751953125
"1306",-76.22177734375,36.16689453125
"1307",-76.27060546875,36.189892578125
"1308",-76.227392578125,36.116015625
"1309",-76.32119140625,36.13818359375
"1310",-76.38369140625,36.133544921875
"1311",-76.4243164062499,36.06796875
"1312",-76.4788085937499,36.028173828125
"1313",-76.559375,36.01533203125
"1314",-76.67890625,36.07529296875
"1315",-76.717626953125,36.148095703125
"1316",-76.733642578125,36.229150390625
"1317",-76.7400390625,36.13330078125
"1318",-76.71875,36.03349609375
"1319",-76.726220703125,35.9576171875
"1320",-76.6111328125,35.94365234375
"1321",-76.503515625,35.9560546875
"1322",-76.35830078125,35.952880859375
"1323",-76.26357421875,35.96708984375
"1324",-76.20654296875,35.9912109375
"1325",-76.069775390625,35.9703125
"1326",-76.06005859375,35.878662109375
"1327",-76.07568359375,35.787548828125
"1328",-76.08359375,35.6905273437501
"1329",-76.045703125,35.691162109375
"1330",-76.001171875,35.72216796875
"1331",-75.97890625,35.895947265625
"1332",-75.85390625,35.96015625
"1333",-75.81201171875,35.95576171875
"1334",-75.772216796875,35.89990234375
"1335",-75.758837890625,35.84326171875
"1336",-75.7447265624999,35.765478515625
"1337",-75.77392578125,35.64697265625
"1338",-75.965966796875,35.5083984375
"1339",-76.103515625,35.3802734375
"1340",-76.173828125,35.354150390625
"1341",-76.2752441406249,35.36904296875
"1342",-76.390234375,35.40126953125
"1343",-76.4466308593749,35.407763671875
"1344",-76.489501953125,35.397021484375
"1345",-76.515625,35.436474609375
"1346",-76.5324707031249,35.508447265625
"1347",-76.577197265625,35.53232421875
"1348",-76.61103515625,35.5296875
"1349",-76.634130859375,35.45322265625
"1350",-76.74140625,35.431494140625
"1351",-76.8872558593749,35.4630859375
"1352",-77.039990234375,35.527392578125
"1353",-76.974462890625,35.4583984375
"1354",-76.595458984375,35.3296875
"1355",-76.552783203125,35.305615234375
"1356",-76.512939453125,35.27041015625
"1357",-76.5659667968749,35.215185546875
"1358",-76.60751953125,35.152978515625
"1359",-76.61337890625,35.104150390625
"1360",-76.62802734375,35.07333984375
"1361",-76.779150390625,34.99033203125
"1362",-76.86103515625,35.00498046875
"1363",-77.070263671875,35.154638671875
"1364",-76.974951171875,35.0251953125
"1365",-76.8986328125,34.970263671875
"1366",-76.744970703125,34.940966796875
"1367",-76.45673828125,34.98935546875
"1368",-76.36220703125,34.9365234375
"1369",-76.439794921875,34.842919921875
"1370",-76.51689453125,34.77724609375
"1371",-76.618017578125,34.769921875
"1372",-76.707080078125,34.7521484375
"1373",-76.733203125,34.706982421875
"1374",-76.7966796875,34.704150390625
"1375",-76.8958984375,34.70146484375
"1376",-77.04951171875,34.69736328125
"1377",-77.13388671875,34.70791015625
"1378",-77.2517578124999,34.615625
"1379",-77.296240234375,34.6029296875
"1380",-77.3583984375,34.620263671875
"1381",-77.38447265625,34.694384765625
"1382",-77.412255859375,34.730810546875
"1383",-77.412939453125,34.592138671875
"1384",-77.40205078125,34.55478515625
"1385",-77.37978515625,34.526611328125
"1386",-77.51767578125,34.4513671875
"1387",-77.649658203125,34.35751953125
"1388",-77.69697265625,34.331982421875
"1389",-77.750732421875,34.2849609375
"1390",-77.8608398437499,34.149169921875
"1391",-77.888037109375,34.050146484375
"1392",-77.92783203125,33.93974609375
"1393",-77.932861328125,33.989453125
"1394",-77.926025390625,34.07314453125
"1395",-77.9532714843749,34.168994140625
"1396",-77.970556640625,33.993408203125
"1397",-78.013330078125,33.91181640625
"1398",-78.4058593749999,33.917578125
"1399",-78.577685546875,33.8732421875
"1400",-78.841455078125,33.724072265625
"1401",-78.9203125,33.65869140625
"1402",-79.13818359375,33.405908203125
"1403",-79.193798828125,33.244140625
"1404",-79.23837890625,33.312158203125
"1405",-79.22734375,33.36318359375
"1406",-79.22646484375,33.4048828125
"1407",-79.28134765625,33.3154296875
"1408",-79.229248046875,33.18515625
"1409",-79.276025390625,33.135400390625
"1410",-79.419921875,33.042529296875
"1411",-79.498681640625,33.027294921875
"1412",-79.587109375,33.00087890625
"1413",-79.61494140625,32.90927734375
"1414",-79.7350097656249,32.8248046875
"1415",-79.80498046875,32.78740234375
"1416",-79.93310546875,32.8100585937501
"1417",-79.89365234375,32.7287109375
"1418",-79.94072265625,32.667138671875
"1419",-80.02177734375,32.619921875
"1420",-80.12255859375,32.589111328125
"1421",-80.180322265625,32.59287109375
"1422",-80.2296875,32.576513671875
"1423",-80.268359375,32.537353515625
"1424",-80.362841796875,32.500732421875
"1425",-80.460986328125,32.521337890625
"1426",-80.572216796875,32.5336914062501
"1427",-80.6341796875,32.51171875
"1428",-80.530029296875,32.475390625
"1429",-80.474267578125,32.42275390625
"1430",-80.4857421874999,32.351806640625
"1431",-80.5136230468749,32.3244140625
"1432",-80.579345703125,32.2873046875
"1433",-80.608203125,32.292822265625
"1434",-80.625830078125,32.32626953125
"1435",-80.647216796875,32.395947265625
"1436",-80.677783203125,32.3811035156251
"1437",-80.683056640625,32.3486328125
"1438",-80.709326171875,32.3370605468751
"1439",-80.8025390625,32.448046875
"1440",-80.7979003906249,32.36337890625
"1441",-80.76533203125,32.29833984375
"1442",-80.733837890625,32.26533203125
"1443",-80.70205078125,32.2458984375
"1444",-80.69423828125,32.21572265625
"1445",-80.7580078125,32.1421875000001
"1446",-80.7908203125,32.125830078125
"1447",-80.84921875,32.113916015625
"1448",-80.8820800781249,32.068603515625
"1449",-80.87236328125,32.02958984375
"1450",-80.9234375,31.944921875
"1451",-81.0455566406249,31.892041015625
"1452",-81.082861328125,31.894091796875
"1453",-81.11328125,31.87861328125
"1454",-81.0955078125,31.84091796875
"1455",-81.0650390625,31.8134765625001
"1456",-81.06611328125,31.78798828125
"1457",-81.098388671875,31.753369140625
"1458",-81.162109375,31.743701171875
"1459",-81.197900390625,31.70419921875
"1460",-81.186572265625,31.666943359375
"1461",-81.16552734375,31.646142578125
"1462",-81.169921875,31.610302734375
"1463",-81.2423828125,31.57431640625
"1464",-81.259375,31.538916015625
"1465",-81.223388671875,31.528466796875
"1466",-81.195703125,31.538916015625
"1467",-81.1754394531249,31.531298828125
"1468",-81.218896484375,31.472119140625
"1469",-81.2579101562499,31.43603515625
"1470",-81.294970703125,31.37119140625
"1471",-81.38095703125,31.353271484375
"1472",-81.3777343749999,31.33232421875
"1473",-81.329150390625,31.31376953125
"1474",-81.2884765625,31.263916015625
"1475",-81.364892578125,31.171875
"1476",-81.41259765625,31.179443359375
"1477",-81.441748046875,31.19970703125
"1478",-81.4603515625,31.12705078125
"1479",-81.4532226562499,31.08828125
"1480",-81.47138671875,31.009033203125
"1481",-81.5005859375,30.91376953125
"1482",-81.52041015625,30.874658203125
"1483",-81.5162109375,30.801806640625
"1484",-81.503955078125,30.7314453125
"1485",-81.457177734375,30.640771484375
"1486",-81.3857421875,30.269970703125
"1487",-81.337109375,30.1412109375
"1488",-81.24951171875,29.793798828125
"1489",-81.104541015625,29.456982421875
"1490",-80.8999999999999,29.049853515625
"1491",-80.5643066406249,28.5563964843751
"1492",-80.52412109375,28.486083984375
"1493",-80.567822265625,28.42646484375
"1494",-80.58115234375,28.364697265625
"1495",-80.5849609375,28.27158203125
"1496",-80.5728515625,28.180859375
"1497",-80.533154296875,28.070068359375
"1498",-80.456884765625,27.90068359375
"1499",-80.499560546875,27.93447265625
"1500",-80.6100097656249,28.177587890625
"1501",-80.6228515625,28.320361328125
"1502",-80.60693359375,28.522900390625
"1503",-80.632861328125,28.518017578125
"1504",-80.65390625,28.452197265625
"1505",-80.665478515625,28.37490234375
"1506",-80.693505859375,28.344970703125
"1507",-80.73173828125,28.462890625
"1508",-80.729052734375,28.5162109375
"1509",-80.6884765625,28.578515625
"1510",-80.7002441406249,28.600927734375
"1511",-80.76591796875,28.6328125
"1512",-80.7798828125,28.682958984375
"1513",-80.77099609375,28.732470703125
"1514",-80.80869140625,28.758935546875
"1515",-80.83818359375,28.757666015625
"1516",-80.8184082031249,28.635595703125
"1517",-80.78720703125,28.56064453125
"1518",-80.7486328125,28.381005859375
"1519",-80.6863769531249,28.27216796875
"1520",-80.6500976562499,28.180908203125
"1521",-80.226123046875,27.2070312500001
"1522",-80.12578125,27.0830078125
"1523",-80.088671875,26.9939453125
"1524",-80.050048828125,26.8077148437501
"1525",-80.04130859375,26.568603515625
"1526",-80.110595703125,26.131591796875
"1527",-80.1263671875,25.83349609375
"1528",-80.136279296875,25.842626953125
"1529",-80.142919921875,25.8740234375
"1530",-80.158935546875,25.8783203125
"1531",-80.219091796875,25.741748046875
"1532",-80.300830078125,25.6185546875
"1533",-80.327734375,25.427099609375
"1534",-80.366943359375,25.33125
"1535",-80.48466796875,25.229833984375
"1536",-80.5576171875,25.232421875
"1537",-80.7365234375,25.15634765625
"1538",-80.86220703125,25.176171875
"1539",-81.011962890625,25.133251953125
"1540",-81.1104980468749,25.138037109375
"1541",-81.1673828125,25.228515625
"1542",-81.15869140625,25.268994140625
"1543",-81.13603515625,25.30966796875
"1544",-81.09765625,25.319140625
"1545",-80.965380859375,25.22431640625
"1546",-80.9404296875,25.264208984375
"1547",-80.98037109375,25.311669921875
"1548",-81.0568359374999,25.338134765625
"1549",-81.113330078125,25.367236328125
"1550",-81.2271484375,25.5833984375
"1551",-81.345068359375,25.7318359375
"1552",-81.36494140625,25.8310546875
"1553",-81.5682617187499,25.891552734375
"1554",-81.715478515625,25.983154296875
"1555",-81.8114746093749,26.14609375
"1556",-81.8665527343749,26.435009765625
"1557",-81.9314941406249,26.46748046875
"1558",-81.958935546875,26.48994140625
"1559",-81.8955078125,26.5971679687501
"1560",-81.828662109375,26.687060546875
"1561",-81.88154296875,26.6646972656251
"1562",-81.9205566406249,26.6314453125
"1563",-81.9701660156249,26.55205078125
"1564",-82.0063964843749,26.53984375
"1565",-82.039599609375,26.55205078125
"1566",-82.077880859375,26.704345703125
"1567",-82.066943359375,26.891552734375
"1568",-82.01328125,26.9615722656251
"1569",-82.095703125,26.963427734375
"1570",-82.181103515625,26.9367675781251
"1571",-82.1686035156249,26.874365234375
"1572",-82.1806640625,26.840087890625
"1573",-82.24287109375,26.848876953125
"1574",-82.2900390625,26.87080078125
"1575",-82.354052734375,26.9357421875
"1576",-82.441357421875,27.05966796875
"1577",-82.620458984375,27.40107421875
"1578",-82.65537109375,27.44921875
"1579",-82.714599609375,27.4996093750001
"1580",-82.68671875,27.5152832031251
"1581",-82.63583984375,27.524560546875
"1582",-82.520849609375,27.678271484375
"1583",-82.430517578125,27.7711425781251
"1584",-82.4005371093749,27.835400390625
"1585",-82.4057617187499,27.862890625
"1586",-82.445703125,27.9028320312501
"1587",-82.49814453125,27.867919921875
"1588",-82.52060546875,27.877880859375
"1589",-82.57958984375,27.958447265625
"1590",-82.6359375,27.981201171875
"1591",-82.6751953124999,27.96376953125
"1592",-82.6337890624999,27.89775390625
"1593",-82.59658203125,27.8732421875
"1594",-82.610986328125,27.7772460937501
"1595",-82.626025390625,27.74599609375
"1596",-82.660888671875,27.7184082031251
"1597",-82.7153320312499,27.73310546875
"1598",-82.74287109375,27.709375
"1599",-82.77529296875,27.734375
"1600",-82.807568359375,27.7765625
"1601",-82.8435058593749,27.84599609375
"1602",-82.74853515625,28.2368164062501
"1603",-82.66064453125,28.48583984375
"1604",-82.6505859375,28.769921875
"1605",-82.64404296875,28.81201171875
"1606",-82.65146484375,28.8875
"1607",-82.7693359374999,29.0515625
"1608",-83.290478515625,29.451904296875
"1609",-83.694384765625,29.9259765625
"1610",-84.04423828125,30.10380859375
"1611",-84.3096679687499,30.06474609375
"1612",-84.355615234375,30.02900390625
"1613",-84.375341796875,29.982275390625
"1614",-84.35869140625,29.92939453125
"1615",-84.3828125,29.9073730468751
"1616",-84.454052734375,29.91015625
"1617",-84.55,29.8978515625
"1618",-84.8005371093749,29.773046875
"1619",-84.888916015625,29.77763671875
"1620",-84.9691894531249,29.7453125
"1621",-85.029296875,29.72109375
"1622",-85.18603515625,29.70791015625
"1623",-85.3189453124999,29.680224609375
"1624",-85.3763671875,29.69521484375
"1625",-85.413818359375,29.767578125
"1626",-85.413818359375,29.84248046875
"1627",-85.383447265625,29.78505859375
"1628",-85.33642578125,29.74013671875
"1629",-85.3148925781249,29.75810546875
"1630",-85.3068359375,29.7978515625
"1631",-85.35361328125,29.875732421875
"1632",-85.504296875,29.97578125
"1633",-85.67578125,30.1219238281251
"1634",-85.623486328125,30.1170898437501
"1635",-85.61025390625,30.148388671875
"1636",-85.663427734375,30.189453125
"1637",-85.640966796875,30.2369140625
"1638",-85.603515625,30.286767578125
"1639",-85.67587890625,30.2792968750001
"1640",-85.7408203125,30.244384765625
"1641",-85.74296875,30.2012695312501
"1642",-85.755810546875,30.1669921875
"1643",-85.790771484375,30.17197265625
"1644",-85.8556640625,30.214404296875
"1645",-86.1751464843749,30.3325195312501
"1646",-86.454443359375,30.39912109375
"1647",-86.240087890625,30.4291015625
"1648",-86.123828125,30.405810546875
"1649",-86.1376953125,30.441552734375
"1650",-86.165673828125,30.4642578125
"1651",-86.257373046875,30.493017578125
"1652",-86.374169921875,30.482080078125
"1653",-86.4479492187499,30.49560546875
"1654",-86.5233886718749,30.46708984375
"1655",-86.6060546875,30.42470703125
"1656",-86.679638671875,30.402880859375
"1657",-86.967626953125,30.37236328125
"1658",-87.201171875,30.3392578125
"1659",-87.163720703125,30.37421875
"1660",-87.1237792968749,30.3966796875
"1661",-86.985791015625,30.430859375
"1662",-86.96513671875,30.501904296875
"1663",-86.99755859375,30.5703125
"1664",-87.0338867187499,30.55390625
"1665",-87.072021484375,30.500439453125
"1666",-87.118798828125,30.53896484375
"1667",-87.17060546875,30.53876953125
"1668",-87.18466796875,30.4537109375001
"1669",-87.25107421875,30.3966796875
"1670",-87.2810546875,30.3392578125
"1671",-87.47578125,30.294287109375
"1672",-87.500732421875,30.30927734375
"1673",-87.4437499999999,30.363818359375
"1674",-87.448291015625,30.394140625
"1675",-87.51328125,30.368115234375
"1676",-87.622265625,30.26474609375
"1677",-88.00595703125,30.230908203125
"1678",-87.985009765625,30.25439453125
"1679",-87.90400390625,30.25908203125
"1680",-87.790283203125,30.291796875
"1681",-87.81328125,30.346875
"1682",-87.85712890625,30.407421875
"1683",-87.8976074218749,30.41416015625
"1684",-87.92431640625,30.449658203125
"1685",-87.922998046875,30.5615234375
"1686",-87.948876953125,30.626904296875
"1687",-88.011328125,30.694189453125
"1688",-88.032421875,30.68125
"1689",-88.078369140625,30.5662109375
"1690",-88.1165527343749,30.41533203125
"1691",-88.13544921875,30.3666015625
"1692",-88.24921875,30.36318359375
"1693",-88.34990234375,30.373486328125
"1694",-88.69208984375,30.35537109375
"1695",-88.819921875,30.406494140625
"1696",-88.87294921875,30.41630859375
"1697",-88.905224609375,30.41513671875
"1698",-89.054052734375,30.3682617187501
"1699",-89.2236328125,30.332373046875
"1700",-89.26357421875,30.34365234375
"1701",-89.320556640625,30.3453125
"1702",-89.443505859375,30.22314453125
"1703",-89.5884765625,30.165966796875
"1704",-89.954248046875,30.26875
"1705",-90.04521484375,30.351416015625
"1706",-90.1259765625,30.369091796875
"1707",-90.22529296875,30.379296875
"1708",-90.3319824218749,30.2775878906251
"1709",-90.413037109375,30.14033203125
"1710",-90.2849609374999,30.065087890625
"1711",-90.175341796875,30.0291015625
"1712",-89.994189453125,30.05927734375
"1713",-89.89404296875,30.12587890625
"1714",-89.812255859375,30.123681640625
"1715",-89.77314453125,30.1372070312501
"1716",-89.737451171875,30.17197265625
"1717",-89.667529296875,30.14453125
"1718",-89.6650390624999,30.117041015625
"1719",-89.714697265625,30.0783203125
"1720",-89.77724609375,30.045703125
"1721",-89.815185546875,30.007275390625
"1722",-89.743798828125,29.929833984375
"1723",-89.631689453125,29.90380859375
"1724",-89.589501953125,29.9150390625
"1725",-89.56337890625,30.002099609375
"1726",-89.49443359375,30.058154296875
"1727",-89.400732421875,30.0460449218751
"1728",-89.4140625,30.010888671875
"1729",-89.400927734375,29.977685546875
"1730",-89.357861328125,29.9209960937501
"1731",-89.36279296875,29.839794921875
"1732",-89.354443359375,29.8202148437501
"1733",-89.455419921875,29.784375
"1734",-89.5306640625,29.772216796875
"1735",-89.5908691406249,29.72529296875
"1736",-89.559326171875,29.698046875
"1737",-89.620654296875,29.67412109375
"1738",-89.662109375,29.68369140625
"1739",-89.6829589843749,29.674853515625
"1740",-89.689208984375,29.646044921875
"1741",-89.7208984375,29.619287109375
"1742",-89.6748046875,29.538671875
"1743",-89.580322265625,29.48603515625
"1744",-89.513671875,29.420068359375
"1745",-89.2457031249999,29.333203125
"1746",-89.18076171875,29.335693359375
"1747",-89.116845703125,29.2482421875
"1748",-89.06533203125,29.2181640625001
"1749",-89.01572265625,29.2028808593751
"1750",-89.02138671875,29.1427246093751
"1751",-89.109521484375,29.098681640625
"1752",-89.133349609375,29.046142578125
"1753",-89.155517578125,29.0166015625
"1754",-89.195263671875,29.05400390625
"1755",-89.2360839843749,29.081103515625
"1756",-89.33056640625,28.998681640625
"1757",-89.376123046875,28.98134765625
"1758",-89.353515625,29.07021484375
"1759",-89.389208984375,29.105029296875
"1760",-89.4431640625,29.194140625
"1761",-89.52177734375,29.249267578125
"1762",-89.5771484375,29.267529296875
"1763",-89.620263671875,29.302392578125
"1764",-89.6724609374999,29.31650390625
"1765",-89.7169921875,29.312890625
"1766",-89.7923828125,29.333203125
"1767",-89.79736328125,29.380615234375
"1768",-89.81826171875,29.4161132812501
"1769",-89.87724609375,29.4580078125
"1770",-90.15908203125,29.537158203125
"1771",-90.160791015625,29.50439453125
"1772",-90.141259765625,29.4797363281251
"1773",-90.10078125,29.463330078125
"1774",-90.05234375,29.431396484375
"1775",-90.052783203125,29.33681640625
"1776",-90.07373046875,29.29677734375
"1777",-90.08271484375,29.23974609375
"1778",-90.1013671874999,29.181787109375
"1779",-90.13583984375,29.136083984375
"1780",-90.21279296875,29.104931640625
"1781",-90.246728515625,29.131005859375
"1782",-90.3016113281249,29.255810546875
"1783",-90.37919921875,29.2951171875
"1784",-90.5024902343749,29.299755859375
"1785",-90.58623046875,29.271533203125
"1786",-90.677490234375,29.150634765625
"1787",-90.751025390625,29.130859375
"1788",-91.002734375,29.193505859375
"1789",-91.29013671875,29.28896484375
"1790",-91.28271484375,29.320751953125
"1791",-91.2374999999999,29.33095703125
"1792",-91.1507812499999,29.317919921875
"1793",-91.15537109375,29.35068359375
"1794",-91.243994140625,29.45732421875
"1795",-91.2602539062499,29.5054687500001
"1796",-91.2488281249999,29.564208984375
"1797",-91.277734375,29.562890625
"1798",-91.33095703125,29.51357421875
"1799",-91.514208984375,29.55537109375
"1800",-91.564794921875,29.6053222656251
"1801",-91.6724609375,29.7460937500001
"1802",-91.8244140625,29.75068359375
"1803",-91.8931640625,29.83603515625
"1804",-92.017333984375,29.80029296875
"1805",-92.080224609375,29.7607421875
"1806",-92.135498046875,29.6994628906251
"1807",-92.11396484375,29.66767578125
"1808",-92.0588867187499,29.6171875
"1809",-92.084033203125,29.592822265625
"1810",-92.2608398437499,29.5568359375
"1811",-92.6712890625,29.5970703125
"1812",-92.7913085937499,29.63466796875
"1813",-92.952392578125,29.71416015625
"1814",-93.17568359375,29.778955078125
"1815",-93.283203125,29.789404296875
"1816",-93.3884765625,29.7765625
"1817",-93.69482421875,29.769921875
"1818",-93.76591796875,29.7526855468751
"1819",-93.82646484375,29.725146484375
"1820",-93.86572265625,29.755615234375
"1821",-93.8838867187499,29.810009765625
"1822",-93.84833984375,29.81884765625
"1823",-93.8087890624999,29.850830078125
"1824",-93.7730957031249,29.9140625
"1825",-93.76904296875,29.9522949218751
"1826",-93.7939941406249,29.97724609375
"1827",-93.841455078125,29.979736328125
"1828",-93.9462890625,29.814990234375
"1829",-93.886376953125,29.72265625
"1830",-93.8904785156249,29.68935546875
"1831",-94.0996582031249,29.67041015625
"1832",-94.5744628906249,29.4845214843751
"1833",-94.759619140625,29.3842773437501
"1834",-94.7501464843749,29.418017578125
"1835",-94.52626953125,29.54794921875
"1836",-94.605322265625,29.567822265625
"1837",-94.7326171874999,29.5353515625
"1838",-94.778271484375,29.5478515625
"1839",-94.724365234375,29.6552734375
"1840",-94.741943359375,29.75
"1841",-94.83232421875,29.752587890625
"1842",-94.889892578125,29.676953125
"1843",-94.9298828125,29.68017578125
"1844",-94.982275390625,29.71259765625
"1845",-95.0228515625,29.70234375
"1846",-94.992822265625,29.53095703125
"1847",-94.9358886718749,29.46044921875
"1848",-94.88828125,29.370556640625
"1849",-95.018310546875,29.25947265625
"1850",-95.1390625,29.167822265625
"1851",-95.1521484375,29.079248046875
"1852",-95.273486328125,28.9638671875
"1853",-95.387646484375,28.8984375
"1854",-95.655859375,28.74462890625
"1855",-95.732373046875,28.71171875
"1856",-95.85341796875,28.64033203125
"1857",-96.02041015625,28.58681640625
"1858",-96.180517578125,28.5018554687501
"1859",-96.234521484375,28.48896484375
"1860",-96.132275390625,28.560888671875
"1861",-96.01103515625,28.63193359375
"1862",-96.1150390625,28.622216796875
"1863",-96.275341796875,28.655126953125
"1864",-96.3734375,28.65703125
"1865",-96.3741210937499,28.631103515625
"1866",-96.44873046875,28.594482421875
"1867",-96.526025390625,28.648291015625
"1868",-96.559716796875,28.68447265625
"1869",-96.57568359375,28.71572265625
"1870",-96.60849609375,28.7232910156251
"1871",-96.6400390624999,28.7087890625
"1872",-96.524658203125,28.488720703125
"1873",-96.47548828125,28.47919921875
"1874",-96.4210937499999,28.45732421875
"1875",-96.488818359375,28.4060546875
"1876",-96.56171875,28.367138671875
"1877",-96.6763671875,28.34130859375
"1878",-96.77353515625,28.4216308593751
"1879",-96.794580078125,28.320849609375
"1880",-96.806884765625,28.2202148437501
"1881",-96.839501953125,28.194384765625
"1882",-96.8916015624999,28.157568359375
"1883",-96.9198730468749,28.1853515625
"1884",-96.93330078125,28.224267578125
"1885",-96.9666503906249,28.18955078125
"1886",-97.0154785156249,28.1634765625
"1887",-97.096044921875,28.158251953125
"1888",-97.156494140625,28.1443359375
"1889",-97.155078125,28.10263671875
"1890",-97.141259765625,28.0607421875
"1891",-97.034326171875,28.0938476562501
"1892",-97.073095703125,27.986083984375
"1893",-97.1714355468749,27.87958984375
"1894",-97.2515625,27.854443359375
"1895",-97.37412109375,27.87001953125
"1896",-97.40439453125,27.859326171875
"1897",-97.431494140625,27.83720703125
"1898",-97.2887207031249,27.67060546875
"1899",-97.38046875,27.4193359375001
"1900",-97.439111328125,27.328271484375
"1901",-97.47978515625,27.3166015625
"1902",-97.523876953125,27.31396484375
"1903",-97.68212890625,27.3949218750001
"1904",-97.76845703125,27.45751953125
"1905",-97.6923828125,27.287158203125
"1906",-97.485107421875,27.23740234375
"1907",-97.47451171875,27.17294921875
"1908",-97.47568359375,27.11787109375
"1909",-97.51650390625,27.05322265625
"1910",-97.5546874999999,26.967333984375
"1911",-97.526513671875,26.90751953125
"1912",-97.493798828125,26.759619140625
"1913",-97.4658203125,26.6917480468751
"1914",-97.43505859375,26.48583984375
"1915",-97.40234375,26.396533203125
"1916",-97.213916015625,26.0678710937501
"1917",-97.150390625,26.06533203125
"1918",-97.140185546875,26.029736328125
"1919",-97.1462402343749,25.961474609375
"1920",-97.281787109375,25.9416015625
"1921",-97.338671875,25.911181640625
"1922",-97.3497558593749,25.8847656250001
"1923",-97.358154296875,25.8705078125
"1924",-97.375634765625,25.871826171875
"1925",-97.440283203125,25.8908203125
"1926",-97.587255859375,25.9841796875
"1927",-97.8014160156249,26.042041015625
"1928",-98.0828125,26.064453125
"1929",-98.275048828125,26.111181640625
"1930",-98.378125,26.182373046875
"1931",-98.4858886718749,26.224560546875
"1932",-98.598291015625,26.237841796875
"1933",-98.69140625,26.27646484375
"1934",-98.765234375,26.3404296875
"1935",-98.873193359375,26.38125
"1936",-99.015283203125,26.398974609375
"1937",-99.107763671875,26.446923828125
"1938",-99.1720703125,26.56416015625
"1939",-99.17236328125,26.56591796875
"1940",-99.229931640625,26.7619140625
"1941",-99.30244140625,26.884716796875
"1942",-99.4435546875,27.036669921875
"1943",-99.456494140625,27.0566406250001
"1944",-99.45654296875,27.056689453125
"1945",-99.45771484375,27.081689453125
"1946",-99.4402343749999,27.1701171875
"1947",-99.455126953125,27.23369140625
"1948",-99.4998046875,27.285498046875
"1949",-99.51005859375,27.34033203125
"1950",-99.48583984375,27.3980468750001
"1951",-99.48427734375,27.4673828125001
"1952",-99.505322265625,27.54833984375
"1953",-99.5953125,27.635888671875
"1954",-99.754248046875,27.729931640625
"1955",-99.8896484375,27.86728515625
"1956",-100.001416015625,28.0478515625
"1957",-100.111962890625,28.17294921875
"1958",-100.2212890625,28.242626953125
"1959",-100.296044921875,28.327685546875
"1960",-100.336279296875,28.428125
"1961",-100.34814453125,28.48642578125
"1962",-100.33173828125,28.5025390625
"1963",-100.39892578125,28.614208984375
"1964",-100.54970703125,28.821337890625
"1965",-100.636328125,28.972802734375
"1966",-100.658642578125,29.0685546875
"1967",-100.75458984375,29.18251953125
"1968",-100.92412109375,29.314697265625
"1969",-101.01630859375,29.40068359375
"1970",-101.038623046875,29.460302734375
"1971",-101.03896484375,29.460400390625
"1972",-101.303515625,29.63408203125
"1973",-101.38037109375,29.7425781250001
"1974",-101.440380859375,29.77685546875
"1975",-101.50927734375,29.77314453125
"1976",-101.54462890625,29.783544921875
"1977",-101.54638671875,29.808056640625
"1978",-101.568701171875,29.809228515625
"1979",-101.61162109375,29.786962890625
"1980",-101.75234375,29.782470703125
"1981",-101.99091796875,29.795703125
"1982",-102.1630859375,29.825244140625
"1983",-102.2689453125,29.87119140625
"1984",-102.34306640625,29.864990234375
"1985",-102.38564453125,29.806640625
"1986",-102.47626953125,29.769091796875
"1987",-102.61494140625,29.75234375
"1988",-102.7341796875,29.6439453125
"1989",-102.833984375,29.4439453125
"1990",-102.87783203125,29.3153320312501
"1991",-102.865673828125,29.2580078125
"1992",-102.8919921875,29.21640625
"1993",-102.9568359375,29.190380859375
"1994",-103.0228515625,29.1322265625001
"1995",-103.089990234375,29.04189453125
"1996",-103.168310546875,28.998193359375
"1997",-103.25771484375,29.001123046875
"1998",-103.42294921875,29.070703125
"1999",-103.66396484375,29.2068847656251
"2000",-103.8529296875,29.291064453125
"2001",-103.98974609375,29.32314453125
"2002",-104.110595703125,29.3861328125
"2003",-104.21552734375,29.4798828125
"2004",-104.31220703125,29.542431640625
"2005",-104.400634765625,29.57373046875
"2006",-104.50400390625,29.677685546875
"2007",-104.622216796875,29.854296875
"2008",-104.68134765625,29.99052734375
"2009",-104.68134765625,30.134375
"2010",-104.835888671875,30.44765625
"2011",-104.91787109375,30.583349609375
"2012",-104.97880859375,30.645947265625
"2013",-105.09814453125,30.7205566406251
"2014",-105.275830078125,30.807275390625
"2015",-105.514013671875,30.98076171875
"2016",-105.8126953125,31.241015625
"2017",-106.024072265625,31.39775390625
"2018",-106.148046875,31.450927734375
"2019",-106.255712890625,31.544677734375
"2020",-106.34697265625,31.67900390625
"2021",-106.43603515625,31.764453125
"2022",-106.44541015625,31.768408203125
"2023",-106.45322265625,31.770166015625
"2024",-106.673046875,31.771337890625
"2025",-106.89287109375,31.7724609375001
"2026",-107.1126953125,31.7736328125
"2027",-107.33251953125,31.774755859375
"2028",-107.55234375,31.77587890625
"2029",-107.772216796875,31.77705078125
"2030",-107.992041015625,31.7781738281251
"2031",-108.21181640625,31.779345703125
"2032",-108.2125,31.666845703125
"2033",-108.21318359375,31.55439453125
"2034",-108.213818359375,31.44189453125
"2035",-108.214453125,31.329443359375
"2036",-108.56787109375,31.32880859375
"2037",-108.921337890625,31.328125
"2038",-109.274755859375,31.32744140625
"2039",-109.62822265625,31.326806640625
"2040",-109.981640625,31.326171875
"2041",-110.335107421875,31.325537109375
"2042",-110.688525390625,31.324853515625
"2043",-111.0419921875,31.32421875
"2044",-111.5162109375,31.472265625
"2045",-111.990478515625,31.62021484375
"2046",-112.46474609375,31.76826171875
"2047",-112.93896484375,31.916259765625
"2048",-113.41318359375,32.064306640625
"2049",-113.887451171875,32.2123046875
"2050",-114.36171875,32.360302734375
"2051",-114.8359375,32.50830078125
"2052",-114.78798828125,32.564794921875
"2053",-114.724755859375,32.71533203125
"2054",-114.8390625,32.704736328125
"2055",-115.1251953125,32.68330078125
"2056",-115.411376953125,32.6618652343751
"2057",-115.697509765625,32.640478515625
"2058",-115.98369140625,32.61904296875
"2059",-116.26982421875,32.597607421875
"2060",-116.55595703125,32.576220703125
"2061",-116.84208984375,32.55478515625
"2062",-117.128271484375,32.533349609375
"2063",-117.13046875,32.53974609375
"2064",-117.13740234375,32.649169921875
"2065",-117.183740234375,32.687890625
"2066",-117.24345703125,32.664013671875
"2067",-117.270703125,32.80625
"2068",-117.25576171875,32.873388671875
"2069",-117.26298828125,32.9388671875
"2070",-117.31884765625,33.100048828125
"2071",-117.467431640625,33.2955078125
"2072",-117.788525390625,33.5384765625
"2073",-117.952099609375,33.61962890625
"2074",-118.080517578125,33.72216796875
"2075",-118.1619140625,33.75068359375
"2076",-118.264404296875,33.75859375
"2077",-118.294189453125,33.7123046875
"2078",-118.41044921875,33.7439453125
"2079",-118.39296875,33.85830078125
"2080",-118.506201171875,34.0173828125
"2081",-118.598828125,34.035009765625
"2082",-118.83203125,34.024462890625
"2083",-119.14375,34.11201171875
"2084",-119.23583984375,34.164111328125
"2085",-119.26767578125,34.257421875
"2086",-119.413671875,34.33857421875
"2087",-119.6060546875,34.418017578125
"2088",-119.71318359375,34.399658203125
"2089",-119.8533203125,34.411962890625
"2090",-120.052978515625,34.469287109375
"2091",-120.16953125,34.47646484375
"2092",-120.396484375,34.4595703125
"2093",-120.481201171875,34.471630859375
"2094",-120.559814453125,34.543896484375
"2095",-120.644677734375,34.57998046875
"2096",-120.626708984375,34.6689453125
"2097",-120.63759765625,34.749365234375
"2098",-120.62490234375,34.811962890625
"2099",-120.663037109375,34.949267578125
"2100",-120.63359375,35.07646484375
"2101",-120.65908203125,35.122412109375
"2102",-120.70703125,35.157666015625
"2103",-120.857373046875,35.20966796875
"2104",-120.88486328125,35.274951171875
"2105",-120.860302734375,35.3654296875
"2106",-120.899609375,35.42509765625
"2107",-121.0228515625,35.48076171875
"2108",-121.137939453125,35.60712890625
"2109",-121.283837890625,35.676318359375
"2110",-121.34384765625,35.792236328125
"2111",-121.433740234375,35.8638671875
"2112",-121.464990234375,35.927392578125
"2113",-121.66435546875,36.154052734375
"2114",-121.877392578125,36.3310546875
"2115",-121.91015625,36.43291015625
"2116",-121.91865234375,36.57236328125
"2117",-121.83515625,36.6574707031251
"2118",-121.789990234375,36.732275390625
"2119",-121.79453125,36.8009765625
"2120",-121.807421875,36.851220703125
"2121",-121.8806640625,36.938916015625
"2122",-122.164208984375,36.9909667968751
"2123",-122.394921875,37.20751953125
"2124",-122.408447265625,37.37314453125
"2125",-122.49921875,37.542626953125
"2126",-122.500439453125,37.652783203125
"2127",-122.514208984375,37.77197265625
"2128",-122.44560546875,37.797998046875
"2129",-122.38408203125,37.788525390625
"2130",-122.390283203125,37.741064453125
"2131",-122.3697265625,37.6558593750001
"2132",-122.297607421875,37.591845703125
"2133",-122.228662109375,37.563916015625
"2134",-122.166015625,37.50166015625
"2135",-122.11904296875,37.4828125
"2136",-122.0705078125,37.478271484375
"2137",-122.096533203125,37.518212890625
"2138",-122.12412109375,37.5437988281251
"2139",-122.158056640625,37.62646484375
"2140",-122.222216796875,37.73203125
"2141",-122.29599609375,37.79033203125
"2142",-122.333447265625,37.89658203125
"2143",-122.365478515625,37.92119140625
"2144",-122.38544921875,37.960595703125
"2145",-122.3142578125,38.00732421875
"2146",-122.217041015625,38.040625
"2147",-122.08671875,38.049609375
"2148",-121.716845703125,38.03408203125
"2149",-121.6380859375,38.0612792968751
"2150",-121.572998046875,38.052392578125
"2151",-121.525341796875,38.055908203125
"2152",-121.625732421875,38.083935546875
"2153",-121.6822265625,38.0748046875001
"2154",-121.7486328125,38.0804687500001
"2155",-121.88076171875,38.075
"2156",-121.9341796875,38.08681640625
"2157",-121.993115234375,38.1201171875001
"2158",-122.031494140625,38.12353515625
"2159",-122.153759765625,38.06552734375
"2160",-122.20830078125,38.07255859375
"2161",-122.337109375,38.135888671875
"2162",-122.393359375,38.14482421875
"2163",-122.48388671875,38.108837890625
"2164",-122.494921875,37.953564453125
"2165",-122.46689453125,37.83818359375
"2166",-122.521337890625,37.826416015625
"2167",-122.5841796875,37.874072265625
"2168",-122.680712890625,37.90234375
"2169",-122.760400390625,37.945654296875
"2170",-122.87294921875,38.02607421875
"2171",-122.931982421875,38.05546875
"2172",-122.998779296875,37.988623046875
"2173",-123.00146484375,38.019287109375
"2174",-122.9681640625,38.097021484375
"2175",-122.977587890625,38.22734375
"2176",-122.876806640625,38.12333984375
"2177",-122.908154296875,38.19658203125
"2178",-122.9865234375,38.2770996093751
"2179",-123.04619140625,38.305078125
"2180",-123.121142578125,38.449267578125
"2181",-123.28974609375,38.53583984375
"2182",-123.4248046875,38.675634765625
"2183",-123.701123046875,38.907275390625
"2184",-123.71953125,39.110986328125
"2185",-123.8203125,39.368408203125
"2186",-123.777783203125,39.51494140625
"2187",-123.78349609375,39.618701171875
"2188",-123.83291015625,39.77548828125
"2189",-123.88447265625,39.860791015625
"2190",-124.10849609375,40.09453125
"2191",-124.3240234375,40.251953125
"2192",-124.35654296875,40.37109375
"2193",-124.3716796875,40.4912109375
"2194",-124.32451171875,40.598095703125
"2195",-124.28369140625,40.710546875
"2196",-124.25390625,40.740283203125
"2197",-124.242333984375,40.727880859375
"2198",-124.2505859375,40.70390625
"2199",-124.22001953125,40.696484375
"2200",-124.208447265625,40.74609375
"2201",-124.190234375,40.771728515625
"2202",-124.222509765625,40.775048828125
"2203",-124.219189453125,40.79072265625
"2204",-124.19990234375,40.8220703125
"2205",-124.13310546875,40.969775390625
"2206",-124.1400390625,41.155908203125
"2207",-124.068505859375,41.3841796875001
"2208",-124.071923828125,41.459521484375
"2209",-124.11767578125,41.621728515625
"2210",-124.163232421875,41.718994140625
"2211",-124.24462890625,41.7879394531251
"2212",-124.208740234375,41.8885742187501
"2213",-124.211669921875,41.984619140625
"2214",-124.3552734375,42.122900390625
"2215",-124.410009765625,42.304345703125
"2216",-124.4205078125,42.381005859375
"2217",-124.40615234375,42.58369140625
"2218",-124.443798828125,42.67021484375
"2219",-124.5396484375,42.812890625
"2220",-124.498583984375,42.936865234375
"2221",-124.454443359375,43.012353515625
"2222",-124.34658203125,43.341650390625
"2223",-124.32060546875,43.368212890625
"2224",-124.27548828125,43.3673828125
"2225",-124.196923828125,43.42333984375
"2226",-124.233154296875,43.436376953125
"2227",-124.28798828125,43.409716796875
"2228",-124.239208984375,43.5400390625001
"2229",-124.184375,43.6515625
"2230",-124.14873046875,43.691748046875
"2231",-124.1306640625,44.0556640625
"2232",-124.099169921875,44.3337890625
"2233",-124.0474609375,44.42548828125
"2234",-124.0654296875,44.520068359375
"2235",-124.04453125,44.6482421875
"2236",-124.0591796875,44.7777343750001
"2237",-123.948583984375,45.400830078125
"2238",-123.9630859375,45.47607421875
"2239",-123.929345703125,45.576953125
"2240",-123.96123046875,45.84296875
"2241",-123.947119140625,46.140576171875
"2242",-123.975244140625,46.1783203125
"2243",-123.989306640625,46.219384765625
"2244",-123.962939453125,46.225439453125
"2245",-123.911669921875,46.182177734375
"2246",-123.6736328125,46.1826171875
"2247",-123.521630859375,46.22265625
"2248",-123.466357421875,46.209423828125
"2249",-123.402294921875,46.15498046875
"2250",-123.32158203125,46.143994140625
"2251",-123.22060546875,46.15361328125
"2252",-123.251318359375,46.16728515625
"2253",-123.298681640625,46.170849609375
"2254",-123.404736328125,46.22099609375
"2255",-123.46484375,46.27109375
"2256",-123.650341796875,46.267724609375
"2257",-123.68837890625,46.299853515625
"2258",-123.895703125,46.2677734375
"2259",-123.959765625,46.300732421875
"2260",-124.07275390625,46.279443359375
"2261",-124.0451171875,46.372900390625
"2262",-124.0501953125,46.49052734375
"2263",-124.0443359375,46.605078125
"2264",-124.01640625,46.52138671875
"2265",-123.946142578125,46.432568359375
"2266",-123.91240234375,46.5333496093751
"2267",-123.88916015625,46.660009765625
"2268",-123.95771484375,46.70869140625
"2269",-124.0716796875,46.744775390625
"2270",-124.112548828125,46.8626953125
"2271",-123.84287109375,46.96318359375
"2272",-123.98603515625,46.98447265625
"2273",-124.042236328125,47.0296875
"2274",-124.11171875,47.035205078125
"2275",-124.116796875,47.0003417968751
"2276",-124.1392578125,46.9546875
"2277",-124.16357421875,47.01533203125
"2278",-124.1705078125,47.0866699218751
"2279",-124.198828125,47.208544921875
"2280",-124.30927734375,47.40458984375
"2281",-124.376025390625,47.658642578125
"2282",-124.46005859375,47.784228515625
"2283",-124.62109375,47.904150390625
"2284",-124.6630859375,47.97412109375
"2285",-124.70166015625,48.15166015625
"2286",-124.67998046875,48.285888671875
"2287",-124.7099609375,48.38037109375
"2288",-124.6326171875,48.375048828125
"2289",-124.429052734375,48.3007812500001
"2290",-124.17548828125,48.242431640625
"2291",-124.098779296875,48.2
"2292",-123.97578125,48.16845703125
"2293",-123.29443359375,48.11953125
"2294",-123.24990234375,48.12421875
"2295",-123.161865234375,48.154541015625
"2296",-123.1244140625,48.150927734375
"2297",-123.02421875,48.081591796875
"2298",-122.973876953125,48.073291015625
"2299",-122.90888671875,48.076904296875
"2300",-122.860888671875,48.0900390625
"2301",-122.77861328125,48.13759765625
"2302",-122.767529296875,48.12001953125
"2303",-122.769091796875,48.0759765625
"2304",-122.73974609375,48.013232421875
"2305",-122.6794921875,47.931787109375
"2306",-122.656640625,47.88115234375
"2307",-122.77841796875,47.738427734375
"2308",-122.8017578125,47.7353515625001
"2309",-122.80537109375,47.783642578125
"2310",-122.82138671875,47.7931640625
"2311",-123.050634765625,47.551953125
"2312",-123.1310546875,47.437744140625
"2313",-123.1390625,47.386083984375
"2314",-123.136328125,47.355810546875
"2315",-123.10419921875,47.348388671875
"2316",-123.030908203125,47.360205078125
"2317",-122.92216796875,47.407666015625
"2318",-122.91689453125,47.4179687500001
"2319",-123.018212890625,47.40107421875
"2320",-123.066796875,47.3996582031251
"2321",-123.06015625,47.453662109375
"2322",-123.0486328125,47.479345703125
"2323",-122.982470703125,47.559375
"2324",-122.912890625,47.607373046875
"2325",-122.8140625,47.658544921875
"2326",-122.75712890625,47.7005371093751
"2327",-122.71787109375,47.762109375
"2328",-122.608154296875,47.835498046875
"2329",-122.587890625,47.85595703125
"2330",-122.59267578125,47.91640625
"2331",-122.5857421875,47.927880859375
"2332",-122.5328125,47.9197265625
"2333",-122.510791015625,47.81572265625
"2334",-122.52392578125,47.7693359375
"2335",-122.618408203125,47.71279296875
"2336",-122.63017578125,47.692822265625
"2337",-122.613623046875,47.615625
"2338",-122.628271484375,47.608154296875
"2339",-122.664306640625,47.617236328125
"2340",-122.67548828125,47.612353515625
"2341",-122.58583984375,47.52841796875
"2342",-122.557421875,47.46318359375
"2343",-122.553564453125,47.404931640625
"2344",-122.577880859375,47.2931640625
"2345",-122.60390625,47.274609375
"2346",-122.6486328125,47.2814453125
"2347",-122.70771484375,47.3164062500001
"2348",-122.7208984375,47.305126953125
"2349",-122.7677734375,47.2183593750001
"2350",-122.78330078125,47.2259765625
"2351",-122.812548828125,47.328955078125
"2352",-122.828466796875,47.336572265625
"2353",-122.91953125,47.2896484375
"2354",-122.956201171875,47.244580078125
"2355",-122.987646484375,47.17255859375
"2356",-123.027587890625,47.138916015625
"2357",-122.91416015625,47.1314941406251
"2358",-122.811962890625,47.14599609375
"2359",-122.7298828125,47.11181640625
"2360",-122.701953125,47.110888671875
"2361",-122.62705078125,47.14423828125
"2362",-122.604150390625,47.1669921875
"2363",-122.5421875,47.2755859375
"2364",-122.511083984375,47.29501953125
"2365",-122.46484375,47.29580078125
"2366",-122.4201171875,47.312109375
"2367",-122.35380859375,47.37158203125
"2368",-122.351123046875,47.39521484375
"2369",-122.375244140625,47.528369140625
"2370",-122.368359375,47.60390625
"2371",-122.38076171875,47.62783203125
"2372",-122.410498046875,47.65263671875
"2373",-122.406787109375,47.6767578125
"2374",-122.383642578125,47.716455078125
"2375",-122.381982421875,47.7523437500001
"2376",-122.401806640625,47.78427734375
"2377",-122.39287109375,47.820556640625
"2378",-122.330322265625,47.8986328125
"2379",-122.31845703125,47.933056640625
"2380",-122.2419921875,48.0107421875
"2381",-122.261279296875,48.042041015625
"2382",-122.31748046875,48.08017578125
"2383",-122.352978515625,48.113818359375
"2384",-122.388671875,48.166357421875
"2385",-122.4158203125,48.183935546875
"2386",-122.42470703125,48.175927734375
"2387",-122.38662109375,48.08994140625
"2388",-122.394775390625,48.0841308593751
"2389",-122.49404296875,48.13046875
"2390",-122.5169921875,48.15966796875
"2391",-122.529150390625,48.19931640625
"2392",-122.5203125,48.2291015625
"2393",-122.467041015625,48.25849609375
"2394",-122.403369140625,48.269189453125
"2395",-122.408544921875,48.293896484375
"2396",-122.488427734375,48.37431640625
"2397",-122.541650390625,48.4109375
"2398",-122.582568359375,48.428662109375
"2399",-122.63779296875,48.43330078125
"2400",-122.6625,48.44638671875
"2401",-122.668994140625,48.465234375
"2402",-122.657275390625,48.4899902343751
"2403",-122.627978515625,48.4979003906251
"2404",-122.54267578125,48.48798828125
"2405",-122.49677734375,48.50556640625
"2406",-122.50107421875,48.5375000000001
"2407",-122.514794921875,48.55517578125
"2408",-122.512744140625,48.66943359375
"2409",-122.5451171875,48.7623046875
"2410",-122.56201171875,48.777978515625
"2411",-122.58017578125,48.77958984375
"2412",-122.5994140625,48.76708984375
"2413",-122.65302734375,48.7638671875
"2414",-122.6859375,48.794287109375
"2415",-122.7224609375,48.85302734375
"2416",-122.78876953125,48.993017578125
"2417",-122.686376953125,48.993017578125
"2418",-122.260009765625,48.993017578125
"2419",-121.83359375,48.993017578125
"2420",-121.4072265625,48.993017578125
"2421",-120.980859375,48.993017578125
"2422",-120.5544921875,48.993017578125
"2423",-120.128076171875,48.993017578125
"2424",-119.701708984375,48.993017578125
"2425",-119.275341796875,48.9930664062501
"2426",-118.84892578125,48.9930664062501
"2427",-118.42255859375,48.9930664062501
"2428",-117.99619140625,48.9930664062501
"2429",-117.569775390625,48.9930664062501
"2430",-117.143408203125,48.9930664062501
"2431",-116.717041015625,48.9930664062501
"2432",-116.290625,48.9930664062501
"2433",-115.8642578125,48.9930664062501
"2434",-115.437890625,48.9930664062501
"2435",-115.0115234375,48.9930664062501
"2436",-114.585107421875,48.9930664062501
"2437",-114.158740234375,48.9930664062501
"2438",-113.732373046875,48.9930664062501
"2439",-113.30595703125,48.9930664062501
"2440",-112.87958984375,48.9930664062501
"2441",-112.45322265625,48.9930664062501
"2442",-112.026806640625,48.9930664062501
"2443",-111.600439453125,48.9930664062501
"2444",-111.174072265625,48.9930664062501
"2445",-110.74765625,48.9930664062501
"2446",-110.3212890625,48.9930664062501
"2447",-109.894921875,48.9930664062501
"2448",-109.4685546875,48.9930664062501
"2449",-109.042138671875,48.993115234375
"2450",-108.615771484375,48.993115234375
"2451",-108.189404296875,48.993115234375
"2452",-107.76298828125,48.993115234375
"2453",-107.33662109375,48.993115234375
"2454",-106.91025390625,48.993115234375
"2455",-106.483837890625,48.993115234375
"2456",-106.057470703125,48.993115234375
"2457",-105.631103515625,48.993115234375
"2458",-105.2046875,48.993115234375
"2459",-104.7783203125,48.993115234375
"2460",-104.351953125,48.993115234375
"2461",-103.9255859375,48.993115234375
"2462",-103.499169921875,48.993115234375
"2463",-103.072802734375,48.993115234375
"2464",-102.646435546875,48.993115234375
"2465",-102.22001953125,48.993115234375
"2466",-101.79365234375,48.993115234375
"2467",-101.36728515625,48.993115234375
"2468",-100.940869140625,48.993115234375
"2469",-100.514501953125,48.993115234375
"2470",-100.088134765625,48.993115234375
"2471",-99.6617187499999,48.993115234375
"2472",-99.2353515624999,48.993115234375
"2473",-98.808984375,48.9931640625
"2474",-98.3826171875,48.9931640625
"2475",-97.9562011718749,48.9931640625
"2476",-97.5298339843749,48.9931640625
"2477",-97.103466796875,48.9931640625
"2478",-96.6770507812499,48.9931640625
"2479",-96.2506835937499,48.9931640625
"2480",-95.82431640625,48.9931640625
"2481",-95.3979003906249,48.9931640625
"2482",-95.1620605468749,48.991748046875
"2483",-95.158251953125,49.203076171875
"2484",-95.1552734375,49.369677734375
"2485",-94.9393554687499,49.3494140625
"2486",-94.8748046874999,49.31904296875
"2487",-94.8543457031249,49.30458984375
"2488",-94.8604003906249,49.25859375
"2489",-94.842578125,49.119189453125
"2490",-94.803466796875,49.0029296875
